"sample","class_size","num_groups","total_ticks","total_seconds","obj_value","sim_status"
1,10,2,0.54,0.1,4.59858e-05,"Status: success"
2,10,2,0.46,0.08,0.001500847,"Status: success"
3,10,2,0.48,0.09,0.0005145734,"Status: success"
4,10,2,0.46,0.05,0.0006604574,"Status: success"
5,10,2,0.49,0.17,0.0001745968,"Status: success"
6,10,2,0.51,0.11,0.003503496,"Status: success"
7,10,2,0.5,0.06,0.00598259,"Status: success"
8,10,2,0.43,0.07,0.003804319,"Status: success"
9,10,2,0.85,0.24,0.002992197,"Status: success"
10,10,2,0.46,0.07,0.000775035,"Status: success"
11,10,2,0.46,0.06,0.004258306,"Status: success"
12,10,2,0.48,0.1,0.001290362,"Status: success"
13,10,2,0.48,0.18,0.003400065,"Status: success"
14,10,2,0.45,0.04,0.006972951,"Status: success"
15,10,2,0.45,0.09,0.001861138,"Status: success"
16,10,2,0.44,0.08,0.003054543,"Status: success"
17,10,2,0.5,0.04,0.0003984084,"Status: success"
18,10,2,0.45,0.08,0.001212793,"Status: success"
19,10,2,0.45,0.04,0.00501784,"Status: success"
20,10,2,0.46,0.06,0.0007226454,"Status: success"
21,10,2,0.46,0.07,0.0146538,"Status: success"
22,10,2,0.45,0.07,0.006520669,"Status: success"
23,10,2,0.48,0.05,0.001076017,"Status: success"
24,10,2,0.45,0.09,0.001551001,"Status: success"
25,10,2,0.46,0.04,0.0006286078,"Status: success"
26,10,2,0.48,0.06,0.01115772,"Status: success"
27,10,2,0.54,0.07,0.008107106,"Status: success"
28,10,2,0.48,0.11,0.003498831,"Status: success"
29,10,2,0.49,0.05,1.69116e-05,"Status: success"
30,10,2,0.48,0.07,0.005175244,"Status: success"
31,10,2,0.47,0.01,0.001038003,"Status: success"
32,10,2,0.46,0.01,0.0008687878,"Status: success"
33,10,2,0.44,0.01,0.002849705,"Status: success"
34,10,2,0.5,0.05,0.0005290018,"Status: success"
35,10,2,0.46,0.05,0.0004775736,"Status: success"
36,10,2,0.47,0.11,0.0006997306,"Status: success"
37,10,2,0.44,0.09,6.65604e-05,"Status: success"
38,10,2,0.51,0.09,0.0002792644,"Status: success"
39,10,2,0.5,0.03,0.002146235,"Status: success"
40,10,2,0.49,0.01,0.007556868,"Status: success"
41,10,2,0.83,0.01,0.002531395,"Status: success"
42,10,2,0.5,0.11,6.5644e-05,"Status: success"
43,10,2,0.45,0.01,0.001943059,"Status: success"
44,10,2,0.47,0.06,0.002494378,"Status: success"
45,10,2,0.48,0.01,0.01486558,"Status: success"
46,10,2,0.5,0.05,0.0001450668,"Status: success"
47,10,2,0.48,0.03,0.0004191,"Status: success"
48,10,2,0.47,0.05,0.002043606,"Status: success"
49,10,2,0.45,0.04,0.001118239,"Status: success"
50,10,2,0.47,0.04,0.001044486,"Status: success"
51,10,2,0.47,0.04,0.002693235,"Status: success"
52,10,2,0.51,0.06,0.009634615,"Status: success"
53,10,2,0.48,0.05,0.01151107,"Status: success"
54,10,2,0.82,0.15,0.006851952,"Status: success"
55,10,2,0.5,0.06,0.003617192,"Status: success"
56,10,2,0.49,0.03,0.001418217,"Status: success"
57,10,2,0.47,0.05,0.01612874,"Status: success"
58,10,2,0.46,0.08,0.003081162,"Status: success"
59,10,2,0.49,0.04,0.01036291,"Status: success"
60,10,2,0.43,0.05,0.001117992,"Status: success"
61,10,2,0.49,0.03,0.005736661,"Status: success"
62,10,2,0.48,0.07,0.0003032618,"Status: success"
63,10,2,0.46,0.04,0.0003764072,"Status: success"
64,10,2,0.52,0.09,0.003086931,"Status: success"
65,10,2,0.48,0.09,0.0006564922,"Status: success"
66,10,2,0.5,0.04,0.0009121126,"Status: success"
67,10,2,0.86,0.13,7.2488e-06,"Status: success"
68,10,2,0.46,0.05,0.000711689,"Status: success"
69,10,2,0.46,0.04,0.0003220136,"Status: success"
70,10,2,0.51,0.04,0.0008286748,"Status: success"
71,10,2,0.44,0.17,0.004310037,"Status: success"
72,10,2,0.45,0.04,0.001592701,"Status: success"
73,10,2,0.47,0.06,0.003035948,"Status: success"
74,10,2,0.49,0.05,0.0003239872,"Status: success"
75,10,2,0.42,0.03,0.002106832,"Status: success"
76,10,2,0.48,0.07,0.006939325,"Status: success"
77,10,2,0.48,0.04,0.006233315,"Status: success"
78,10,2,0.44,0.04,0.007132733,"Status: success"
79,10,2,0.48,0.04,0.0003772256,"Status: success"
80,10,2,0.86,0.12,0.0007569824,"Status: success"
81,10,2,0.5,0.01,0.003311915,"Status: success"
82,10,2,0.76,0.02,0.002180408,"Status: success"
83,10,2,0.5,0.01,0.001354959,"Status: success"
84,10,2,0.48,0.01,0.001582577,"Status: success"
85,10,2,0.48,0.05,0.002053631,"Status: success"
86,10,2,0.48,0.05,0.003235956,"Status: success"
87,10,2,0.42,0.05,0.001031149,"Status: success"
88,10,2,0.46,0.06,0.00391937,"Status: success"
89,10,2,0.51,0.04,0.003894071,"Status: success"
90,10,2,0.46,0.01,0.001321015,"Status: success"
91,10,2,0.43,0.04,0.00790392,"Status: success"
92,10,2,0.53,0.07,0.01485089,"Status: success"
93,10,2,0.48,0.01,0.003130892,"Status: success"
94,10,2,0.46,0.09,0.002524754,"Status: success"
95,10,2,0.48,0.04,0.001209838,"Status: success"
96,10,2,0.48,0.07,0.0035545,"Status: success"
97,10,2,0.46,0.11,0.003847104,"Status: success"
98,10,2,0.47,0.05,0.003259255,"Status: success"
99,10,2,0.45,0.03,0.000490251,"Status: success"
100,10,2,0.49,0.04,0.007239485,"Status: success"
101,10,2,0.47,0.02,0.002237816,"Status: success"
102,10,2,0.46,0.06,0.002507757,"Status: success"
103,10,2,0.47,0.05,0.006818649,"Status: success"
104,10,2,0.45,0.07,0.002137411,"Status: success"
105,10,2,0.67,0.14,0.0004689492,"Status: success"
106,10,2,0.45,0.05,4.87632e-05,"Status: success"
107,10,2,0.46,0.12,0.008908236,"Status: success"
108,10,2,0.47,0.05,0.005176646,"Status: success"
109,10,2,0.52,0.04,0.000666985,"Status: success"
110,10,2,0.45,0.07,0.0009209404,"Status: success"
111,10,2,0.51,0.07,0.0001474134,"Status: success"
112,10,2,0.49,0.03,0.003827869,"Status: success"
113,10,2,0.55,0.08,0.001730815,"Status: success"
114,10,2,0.81,0.18,0.004040146,"Status: success"
115,10,2,0.48,0.05,0.008635418,"Status: success"
116,10,2,0.86,0.13,0.03741921,"Status: success"
117,10,2,0.5,0.05,0.008655962,"Status: success"
118,10,2,0.46,0.09,0.0004535438,"Status: success"
119,10,2,0.53,0.04,0.0059696,"Status: success"
120,10,2,0.52,0.1,0.00578621,"Status: success"
121,10,2,0.44,0.17,0.003509544,"Status: success"
122,10,2,0.47,0.04,0.007847361,"Status: success"
123,10,2,0.48,0.03,0.002326487,"Status: success"
124,10,2,0.44,0.09,0.0001458034,"Status: success"
125,10,2,0.44,0.04,0.00184739,"Status: success"
126,10,2,0.45,0.05,0.003588145,"Status: success"
127,10,2,0.47,0.05,0.002790314,"Status: success"
128,10,2,0.46,0.07,9.9783e-05,"Status: success"
129,10,2,0.77,0.19,0.001393844,"Status: success"
130,10,2,0.84,0.12,0.01619658,"Status: success"
131,10,2,0.48,0.01,0.002570666,"Status: success"
132,10,2,0.46,0.01,0.003161025,"Status: success"
133,10,2,0.48,0.01,0.004282366,"Status: success"
134,10,2,0.5,0.01,0.001061368,"Status: success"
135,10,2,0.48,0.05,0.0006015426,"Status: success"
136,10,2,0.47,0.07,0.003442997,"Status: success"
137,10,2,0.49,0.04,0.006478529,"Status: success"
138,10,2,0.48,0.13,0.003765324,"Status: success"
139,10,2,0.44,0.07,0.004679074,"Status: success"
140,10,2,0.44,0.01,0.01275196,"Status: success"
141,10,2,0.97,0.02,0.01344555,"Status: success"
142,10,2,0.47,0.03,0.000828972,"Status: success"
143,10,2,0.45,0.01,0.002846229,"Status: success"
144,10,2,0.52,0.04,0.02079532,"Status: success"
145,10,2,0.45,0.01,0.003078734,"Status: success"
146,10,2,0.49,0.07,0.001419215,"Status: success"
147,10,2,0.5,0.01,0.001661881,"Status: success"
148,10,2,0.48,0.03,0.003249815,"Status: success"
149,10,2,0.53,0.06,0.003112561,"Status: success"
150,10,2,0.46,0.05,0.0004369798,"Status: success"
151,10,2,0.46,0.04,0.008759902,"Status: success"
152,10,2,0.52,0.04,0.003815635,"Status: success"
153,10,2,0.85,0.21,0.001573602,"Status: success"
154,10,2,0.43,0.05,0.0007262206,"Status: success"
155,10,2,0.54,0.04,0.00181269,"Status: success"
156,10,2,0.46,0.05,0.002045315,"Status: success"
157,10,2,0.46,0.04,0.003214942,"Status: success"
158,10,2,0.49,0.1,0.003075199,"Status: success"
159,10,2,0.47,0.04,0.002108749,"Status: success"
160,10,2,0.48,0.06,0.004549639,"Status: success"
161,10,2,0.49,0.05,0.003728327,"Status: success"
162,10,2,0.47,0.04,0.004966585,"Status: success"
163,10,2,0.43,0.06,0.0003227844,"Status: success"
164,10,2,0.48,0.1,0.001327216,"Status: success"
165,10,2,0.46,0.04,0.0008375002,"Status: success"
166,10,2,0.45,0.05,0.001472791,"Status: success"
167,10,2,0.43,0.05,0.003439344,"Status: success"
168,10,2,0.47,0.04,0.003163296,"Status: success"
169,10,2,0.47,0.05,0.003073367,"Status: success"
170,10,2,0.5,0.09,0.004347682,"Status: success"
171,10,2,0.5,0.08,0.001139726,"Status: success"
172,10,2,0.52,0.08,0.01010965,"Status: success"
173,10,2,0.47,0.06,0.007110926,"Status: success"
174,10,2,0.47,0.08,0.008854908,"Status: success"
175,10,2,0.45,0.04,0.01967577,"Status: success"
176,10,2,0.48,0.09,0.006131793,"Status: success"
177,10,2,0.5,0.05,0.001817538,"Status: success"
178,10,2,0.5,0.09,0.003910218,"Status: success"
179,10,2,0.44,0.06,0.001838472,"Status: success"
180,10,2,0.47,0.06,2.88886e-05,"Status: success"
181,10,2,0.49,0.01,0.002401669,"Status: success"
182,10,2,0.49,0.03,0.00129685,"Status: success"
183,10,2,0.5,0.01,0.008484624,"Status: success"
184,10,2,0.49,0.02,0.001722051,"Status: success"
185,10,2,0.47,0.06,0.002473353,"Status: success"
186,10,2,0.46,0.12,0.002725939,"Status: success"
187,10,2,0.5,0.05,0.0009076332,"Status: success"
188,10,2,0.46,0.04,0.01043165,"Status: success"
189,10,2,0.45,0.14,0.00313176,"Status: success"
190,10,2,0.55,0.05,0.0021964,"Status: success"
191,10,2,0.44,0.05,0.001893915,"Status: success"
192,10,2,0.47,0.01,0.0005890024,"Status: success"
193,10,2,0.88,0.01,1.49216e-05,"Status: success"
194,10,2,0.53,0.01,0.007553021,"Status: success"
195,10,2,0.45,0.01,0.004345566,"Status: success"
196,10,2,0.45,0.08,0.01032921,"Status: success"
197,10,2,0.45,0.05,0.0005783398,"Status: success"
198,10,2,0.47,0.05,0.0006481196,"Status: success"
199,10,2,0.51,0.01,0.004872961,"Status: success"
200,10,2,0.49,0.06,0.00628098,"Status: success"
201,10,2,0.46,0.04,0.005732962,"Status: success"
202,10,2,0.49,0.05,0.0003708282,"Status: success"
203,10,2,0.46,0.06,0.0005834934,"Status: success"
204,10,2,0.84,0.14,0.001702214,"Status: success"
205,10,2,0.46,0.05,0.0001600376,"Status: success"
206,10,2,0.43,0.06,0.008293385,"Status: success"
207,10,2,0.45,0.06,0.006119518,"Status: success"
208,10,2,0.47,0.08,0.001643624,"Status: success"
209,10,2,0.81,0.11,0.05640803,"Status: success"
210,10,2,0.52,0.06,0.001900707,"Status: success"
211,10,2,0.45,0.03,0.003269981,"Status: success"
212,10,2,0.47,0.07,0.001172547,"Status: success"
213,10,2,0.47,0.06,0.002896622,"Status: success"
214,10,2,0.46,0.05,0.000500677,"Status: success"
215,10,2,0.47,0.07,0.00192222,"Status: success"
216,10,2,0.48,0.05,0.001732575,"Status: success"
217,10,2,0.43,0.06,0.001731657,"Status: success"
218,10,2,0.48,0.03,0.002296028,"Status: success"
219,10,2,0.47,0.04,8.24556e-05,"Status: success"
220,10,2,0.45,0.09,0.00887795,"Status: success"
221,10,2,0.5,0.14,0.002110034,"Status: success"
222,10,2,0.46,0.02,0.0007322766,"Status: success"
223,10,2,0.49,0.07,0.0001354522,"Status: success"
224,10,2,0.47,0.08,0.002958818,"Status: success"
225,10,2,0.46,0.07,0.001484929,"Status: success"
226,10,2,0.49,0.05,0.002173322,"Status: success"
227,10,2,0.53,0.03,0.002083614,"Status: success"
228,10,2,0.46,0.1,0.003274602,"Status: success"
229,10,2,0.75,0.18,0.001306802,"Status: success"
230,10,2,0.51,0.03,0.00141363,"Status: success"
231,10,2,0.51,0.05,0.001599357,"Status: success"
232,10,2,0.5,0.01,0.004834186,"Status: success"
233,10,2,0.51,0.03,0.000509266,"Status: success"
234,10,2,0.43,0.01,0.001280421,"Status: success"
235,10,2,0.96,0.02,0.04574186,"Status: success"
236,10,2,0.5,0.04,0.001402595,"Status: success"
237,10,2,0.47,0.04,0.002510798,"Status: success"
238,10,2,0.5,0.06,0.01618049,"Status: success"
239,10,2,0.49,0.03,0.004539266,"Status: success"
240,10,2,0.47,0.05,0.00178065,"Status: success"
241,10,2,0.47,0.01,0.001162689,"Status: success"
242,10,2,0.47,0.02,0.002139747,"Status: success"
243,10,2,0.53,0.01,0.003301186,"Status: success"
244,10,2,0.48,0.01,0.005177957,"Status: success"
245,10,2,0.44,0.01,0.0005524364,"Status: success"
246,10,2,0.45,0,0.008894936,"Status: success"
247,10,2,0.49,0.05,5.2657e-05,"Status: success"
248,10,2,0.46,0.01,0.0006981072,"Status: success"
249,10,2,0.45,0.11,0.01077749,"Status: success"
250,10,2,0.52,0.03,0.002073697,"Status: success"
251,10,2,0.47,0.04,0.0009113458,"Status: success"
252,10,2,0.44,0.03,0.0001256976,"Status: success"
253,10,2,0.44,0.16,0.001685606,"Status: success"
254,10,2,0.7,0.12,0.001049265,"Status: success"
255,10,2,0.45,0.04,0.003670052,"Status: success"
256,10,2,0.48,0.07,0.002809171,"Status: success"
257,10,2,0.51,0.02,0.0001460592,"Status: success"
258,10,2,0.42,0.04,9.3329e-05,"Status: success"
259,10,2,0.44,0.04,0.00224039,"Status: success"
260,10,2,0.45,0.05,0.007170626,"Status: success"
261,10,2,0.48,0.03,0.004999991,"Status: success"
262,10,2,0.47,0.03,0.0005118296,"Status: success"
263,10,2,0.5,0.06,0.00425088,"Status: success"
264,10,2,0.45,0.07,0.0006233058,"Status: success"
265,10,2,0.68,0.12,0.0007995952,"Status: success"
266,10,2,0.46,0.03,0.005301762,"Status: success"
267,10,2,0.47,0.09,0.005303374,"Status: success"
268,10,2,0.46,0.06,0.002066232,"Status: success"
269,10,2,0.47,0.04,0.006528765,"Status: success"
270,10,2,0.48,0.05,0.0008569264,"Status: success"
271,10,2,0.48,0.05,0.002317336,"Status: success"
272,10,2,0.53,0.05,0.003310604,"Status: success"
273,10,2,0.49,0.09,0.0006598872,"Status: success"
274,10,2,0.5,0.05,0.0008376036,"Status: success"
275,10,2,0.46,0.05,0.003056193,"Status: success"
276,10,2,0.43,0.06,0.0002666918,"Status: success"
277,10,2,0.46,0.07,0.002249298,"Status: success"
278,10,2,0.48,0.15,0.0001691712,"Status: success"
279,10,2,0.5,0.03,0.005474988,"Status: success"
280,10,2,0.47,0.07,0.006297246,"Status: success"
281,10,2,0.51,0.09,0.002563259,"Status: success"
282,10,2,0.53,0.02,0.002828881,"Status: success"
283,10,2,0.43,0.01,0.001684491,"Status: success"
284,10,2,0.47,0.01,0.003029834,"Status: success"
285,10,2,0.45,0.01,0.005567616,"Status: success"
286,10,2,0.47,0.09,0.003080078,"Status: success"
287,10,2,0.47,0.06,0.005300408,"Status: success"
288,10,2,0.45,0.11,0.0006308124,"Status: success"
289,10,2,0.49,0.11,0.001549946,"Status: success"
290,10,2,0.45,0.01,0.000305304,"Status: success"
291,10,2,0.47,0.02,0.0008075318,"Status: success"
292,10,2,0.44,0.01,0.006516258,"Status: success"
293,10,2,0.44,0.05,0.002207894,"Status: success"
294,10,2,0.44,0.01,0.0005384102,"Status: success"
295,10,2,0.51,0.01,0.003660618,"Status: success"
296,10,2,0.5,0.05,0.004002032,"Status: success"
297,10,2,0.51,0.07,0.002164819,"Status: success"
298,10,2,0.48,0.09,0.0003492426,"Status: success"
299,10,2,0.51,0.02,0.003832379,"Status: success"
300,10,2,0.47,0.03,0.002104985,"Status: success"
301,10,2,0.48,0.06,0.0004297624,"Status: success"
302,10,2,0.54,0.07,0.00235246,"Status: success"
303,10,2,0.49,0.04,0.007093685,"Status: success"
304,10,2,0.48,0.06,0.00590399,"Status: success"
305,10,2,0.76,0.09,0.000153034,"Status: success"
306,10,2,0.44,0.08,0.01254388,"Status: success"
307,10,2,0.48,0.04,0.0008014158,"Status: success"
308,10,2,0.44,0.12,0.003900376,"Status: success"
309,10,2,0.45,0.04,0.0007393646,"Status: success"
310,10,2,0.71,0.1,0.000784182,"Status: success"
311,10,2,0.5,0.04,0.004885706,"Status: success"
312,10,2,0.5,0.04,0.009777977,"Status: success"
313,10,2,0.86,0.1,0.001509928,"Status: success"
314,10,2,0.46,0.06,0.001037614,"Status: success"
315,10,2,0.49,0.04,0.0008224352,"Status: success"
316,10,2,0.49,0.11,0.001244928,"Status: success"
317,10,2,0.46,0.04,0.002180959,"Status: success"
318,10,2,0.47,0.04,0.001294067,"Status: success"
319,10,2,0.46,0.04,0.0002088778,"Status: success"
320,10,2,0.48,0.07,0.00294139,"Status: success"
321,10,2,0.51,0.06,0.005831728,"Status: success"
322,10,2,0.48,0.11,0.004772179,"Status: success"
323,10,2,0.48,0.07,0.003436773,"Status: success"
324,10,2,0.47,0.05,0.004351346,"Status: success"
325,10,2,0.52,0.19,0.001294067,"Status: success"
326,10,2,0.44,0.11,0.007800083,"Status: success"
327,10,2,0.45,0.07,0.0008082672,"Status: success"
328,10,2,0.44,0.08,0.001454778,"Status: success"
329,10,2,0.51,0.08,0.003361008,"Status: success"
330,10,2,0.47,0.13,0.0003118148,"Status: success"
331,10,2,0.7,0.11,0.001816761,"Status: success"
332,10,2,0.49,0.01,0.004383588,"Status: success"
333,10,2,0.53,0.01,4.03314e-05,"Status: success"
334,10,2,0.46,0.01,3.56936e-05,"Status: success"
335,10,2,0.48,0.02,6.7403e-05,"Status: success"
336,10,2,0.51,0.08,0.0009610186,"Status: success"
337,10,2,0.48,0.11,0.0005359466,"Status: success"
338,10,2,0.84,0.15,0.002318233,"Status: success"
339,10,2,0.46,0.07,0.0008280134,"Status: success"
340,10,2,0.47,0.02,0.002697869,"Status: success"
341,10,2,0.48,0.01,0.0009756484,"Status: success"
342,10,2,0.48,0.07,0.0008436936,"Status: success"
343,10,2,0.82,0.03,0.0002683446,"Status: success"
344,10,2,0.49,0.1,0.002301738,"Status: success"
345,10,2,0.48,0.01,0.00452623,"Status: success"
346,10,2,0.48,0.04,0.01403219,"Status: success"
347,10,2,0.89,0.01,0.005741975,"Status: success"
348,10,2,0.47,0.04,0.002006315,"Status: success"
349,10,2,0.47,0.05,0.002753841,"Status: success"
350,10,2,0.52,0.02,0.006976161,"Status: success"
351,10,2,0.46,0.01,0.007977624,"Status: success"
352,10,2,0.47,0.06,0.000955699,"Status: success"
353,10,2,0.47,0.07,0.005422951,"Status: success"
354,10,2,0.49,0.04,0.0005616348,"Status: success"
355,10,2,0.45,0.08,0.00398374,"Status: success"
356,10,2,0.46,0.05,0.001918443,"Status: success"
357,10,2,0.5,0.03,0.0002266634,"Status: success"
358,10,2,0.45,0.08,0.001479836,"Status: success"
359,10,2,0.52,0.06,0.003254335,"Status: success"
360,10,2,0.53,0.07,0.01295733,"Status: success"
361,10,2,0.51,0.07,0.004441162,"Status: success"
362,10,2,0.46,0.08,7.39564e-05,"Status: success"
363,10,2,0.48,0.06,0.0006073816,"Status: success"
364,10,2,0.47,0.1,0.0005624262,"Status: success"
365,10,2,0.49,0.04,0.005646635,"Status: success"
366,10,2,0.46,0.07,0.01467708,"Status: success"
367,10,2,0.44,0.04,0.0006567662,"Status: success"
368,10,2,0.47,0.02,0.006002409,"Status: success"
369,10,2,0.47,0.03,0.000753903,"Status: success"
370,10,2,0.49,0.09,0.007937955,"Status: success"
371,10,2,0.45,0.06,1.14606e-05,"Status: success"
372,10,2,0.46,0.09,0.04248224,"Status: success"
373,10,2,0.49,0.05,0.01762163,"Status: success"
374,10,2,0.46,0.08,0.0003502052,"Status: success"
375,10,2,0.49,0.05,0.0006034994,"Status: success"
376,10,2,0.48,0.03,0.004023672,"Status: success"
377,10,2,0.47,0.05,0.000960282,"Status: success"
378,10,2,0.49,0.08,0.00900262,"Status: success"
379,10,2,0.49,0.08,0.006801145,"Status: success"
380,10,2,0.48,0.05,0.002536956,"Status: success"
381,10,2,0.48,0.01,0.0002298406,"Status: success"
382,10,2,0.46,0.01,0.009377033,"Status: success"
383,10,2,0.47,0.01,0.002171132,"Status: success"
384,10,2,0.47,0.02,0.0004583356,"Status: success"
385,10,2,0.79,0.14,0.005749061,"Status: success"
386,10,2,0.43,0.06,0.003020405,"Status: success"
387,10,2,0.56,0.03,0.002815105,"Status: success"
388,10,2,0.52,0.06,0.001152119,"Status: success"
389,10,2,0.49,0.04,0.004391225,"Status: success"
390,10,2,0.51,0.01,0.01271486,"Status: success"
391,10,2,0.48,0.01,0.001052726,"Status: success"
392,10,2,0.47,0.02,0.001511521,"Status: success"
393,10,2,0.48,0.01,0.005090211,"Status: success"
394,10,2,0.51,0.06,0.01148534,"Status: success"
395,10,2,0.51,0.06,0.002353727,"Status: success"
396,10,2,0.47,0.05,0.001143534,"Status: success"
397,10,2,0.43,0.06,0.0005798684,"Status: success"
398,10,2,0.46,0.02,0.001969981,"Status: success"
399,10,2,0.49,0.01,0.0170789,"Status: success"
400,10,2,0.47,0.07,0.0006075134,"Status: success"
401,10,2,0.44,0.08,0.0004407682,"Status: success"
402,10,2,0.48,0.04,0.003020414,"Status: success"
403,10,2,0.48,0.05,0.001754975,"Status: success"
404,10,2,0.46,0.07,0.002937315,"Status: success"
405,10,2,0.47,0.04,0.002151364,"Status: success"
406,10,2,0.84,0.18,0.001025616,"Status: success"
407,10,2,0.49,0.07,0.0001687322,"Status: success"
408,10,2,0.49,0.03,0.0007792152,"Status: success"
409,10,2,0.5,0.11,0.001903476,"Status: success"
410,10,2,0.82,0.13,0.003244257,"Status: success"
411,10,2,0.48,0.05,0.003764984,"Status: success"
412,10,2,0.49,0.05,0.01557458,"Status: success"
413,10,2,0.45,0.06,0.003091934,"Status: success"
414,10,2,0.52,0.04,0.01118142,"Status: success"
415,10,2,0.49,0.11,0.0059591,"Status: success"
416,10,2,0.44,0.03,0.008260521,"Status: success"
417,10,2,0.51,0.06,0.006101207,"Status: success"
418,10,2,0.47,0.04,0.0005089756,"Status: success"
419,10,2,0.49,0.06,0.001370403,"Status: success"
420,10,2,0.48,0.05,0.009818277,"Status: success"
421,10,2,0.53,0.08,0.0008447594,"Status: success"
422,10,2,0.79,0.13,0.006035552,"Status: success"
423,10,2,0.48,0.04,0.003787026,"Status: success"
424,10,2,0.45,0.05,0.000462015,"Status: success"
425,10,2,0.47,0.05,0.004676435,"Status: success"
426,10,2,0.49,0.02,0.004394748,"Status: success"
427,10,2,0.44,0.04,0.004826995,"Status: success"
428,10,2,0.85,0.12,0.002396815,"Status: success"
429,10,2,0.6,0.19,0.000206283,"Status: success"
430,10,2,0.5,0.04,0.007082052,"Status: success"
431,10,2,0.46,0.01,0.0007004366,"Status: success"
432,10,2,0.47,0.01,0.00177427,"Status: success"
433,10,2,0.46,0.01,0.0006717348,"Status: success"
434,10,2,0.45,0.01,0.004105171,"Status: success"
435,10,2,2.19,0.04,0.05669057,"Status: success"
436,10,2,0.79,0.14,0.0008907298,"Status: success"
437,10,2,0.44,0.07,0.001976408,"Status: success"
438,10,2,0.48,0.03,0.001959134,"Status: success"
439,10,2,0.47,0.06,0.005616815,"Status: success"
440,10,2,0.45,0.03,0.000369651,"Status: success"
441,10,2,0.47,0.01,0.01298305,"Status: success"
442,10,2,0.71,0.03,0.006980888,"Status: success"
443,10,2,0.46,0.05,0.002214528,"Status: success"
444,10,2,0.45,0.03,0.0005919268,"Status: success"
445,10,2,0.47,0.02,0.007985061,"Status: success"
446,10,2,0.45,0.01,0.0004859016,"Status: success"
447,10,2,0.42,0.06,3.0481e-05,"Status: success"
448,10,2,0.46,0.03,0.001261496,"Status: success"
449,10,2,1.02,0.04,0.05430332,"Status: success"
450,10,2,0.46,0.04,0.000464841,"Status: success"
451,10,2,0.5,0.03,0.001166687,"Status: success"
452,10,2,0.49,0.03,0.000459617,"Status: success"
453,10,2,0.48,0.1,0.00219151,"Status: success"
454,10,2,0.49,0.05,0.0006021744,"Status: success"
455,10,2,0.43,0.04,0.005128673,"Status: success"
456,10,2,0.49,0.07,0.0006231812,"Status: success"
457,10,2,0.5,0.08,0.00416117,"Status: success"
458,10,2,0.36,0.04,0.01440279,"Status: success"
459,10,2,0.48,0.04,9.87438e-05,"Status: success"
460,10,2,0.47,0.12,0.001554067,"Status: success"
461,10,2,0.48,0.07,0.000146426,"Status: success"
462,10,2,0.47,0.03,0.005088919,"Status: success"
463,10,2,0.46,0.07,0.00112782,"Status: success"
464,10,2,0.56,0.08,0.0004587964,"Status: success"
465,10,2,0.49,0.05,0.0004215328,"Status: success"
466,10,2,0.47,0.06,0.001011021,"Status: success"
467,10,2,0.46,0.04,0.001437963,"Status: success"
468,10,2,0.51,0.04,0.01961829,"Status: success"
469,10,2,0.45,0.06,0.001410561,"Status: success"
470,10,2,0.48,0.12,0.004606731,"Status: success"
471,10,2,0.81,0.11,0.001239266,"Status: success"
472,10,2,0.46,0.04,0.0008764636,"Status: success"
473,10,2,0.47,0.06,0.00222763,"Status: success"
474,10,2,0.46,0.09,0.0008386596,"Status: success"
475,10,2,0.47,0.04,0.004422223,"Status: success"
476,10,2,0.47,0.07,0.003051949,"Status: success"
477,10,2,0.77,0.18,0.0003813244,"Status: success"
478,10,2,0.48,0.03,0.005244345,"Status: success"
479,10,2,0.46,0.04,0.001130804,"Status: success"
480,10,2,0.5,0.01,0.01403656,"Status: success"
481,10,2,0.47,0.01,0.004267108,"Status: success"
482,10,2,0.5,0.01,0.005043221,"Status: success"
483,10,2,0.46,0.02,0.0005545788,"Status: success"
484,10,2,0.49,0.07,0.004087004,"Status: success"
485,10,2,0.48,0.07,0.001502392,"Status: success"
486,10,2,0.48,0.08,0.01035231,"Status: success"
487,10,2,0.49,0.09,0.0002945286,"Status: success"
488,10,2,0.47,0.06,0.001231997,"Status: success"
489,10,2,0.45,0.01,0.0005566978,"Status: success"
490,10,2,0.45,0.07,0.003830759,"Status: success"
491,10,2,0.48,0.01,0.0181852,"Status: success"
492,10,2,0.44,0.01,0.005442644,"Status: success"
493,10,2,0.51,0.01,0.003480944,"Status: success"
494,10,2,0.44,0.01,0.0002383354,"Status: success"
495,10,2,0.49,0.06,0.0007690594,"Status: success"
496,10,2,0.46,0.09,0.002810311,"Status: success"
497,10,2,0.48,0.06,0.0002258676,"Status: success"
498,10,2,0.83,0.04,0.003416844,"Status: success"
499,10,2,0.48,0.06,0.004419096,"Status: success"
500,10,2,0.79,0.11,0.0007705864,"Status: success"
501,10,2,0.58,0.08,0.000905685,"Status: success"
502,10,2,0.44,0.07,0.001279904,"Status: success"
503,10,2,0.48,0.07,0.001683532,"Status: success"
504,10,2,0.51,0.08,0.006105225,"Status: success"
505,10,2,0.47,0.08,6.14042e-05,"Status: success"
506,10,2,0.49,0.05,0.0003882376,"Status: success"
507,10,2,0.47,0.13,0.006344252,"Status: success"
508,10,2,0.52,0.06,0.003282441,"Status: success"
509,10,2,0.52,0.03,0.0002356244,"Status: success"
510,10,2,0.46,0.05,0.00316792,"Status: success"
511,10,2,0.43,0.22,0.000858273,"Status: success"
512,10,2,0.47,0.07,0.002346476,"Status: success"
513,10,2,0.52,0.05,0.001327798,"Status: success"
514,10,2,0.51,0.08,0.0001759596,"Status: success"
515,10,2,0.47,0.06,0.01065052,"Status: success"
516,10,2,0.49,0.05,0.002149679,"Status: success"
517,10,2,0.46,0.07,0.0006783502,"Status: success"
518,10,2,0.46,0.04,0.009133305,"Status: success"
519,10,2,0.5,0.04,0.002254507,"Status: success"
520,10,2,0.48,0.13,0.001538897,"Status: success"
521,10,2,0.48,0.06,0.0003253748,"Status: success"
522,10,2,0.48,0.03,0.001998338,"Status: success"
523,10,2,0.77,0.07,6.12542e-05,"Status: success"
524,10,2,0.48,0.07,0.002440646,"Status: success"
525,10,2,0.48,0.02,0.003527657,"Status: success"
526,10,2,0.48,0.12,0.000112874,"Status: success"
527,10,2,0.46,0.04,0.004534677,"Status: success"
528,10,2,0.5,0.03,0.007765511,"Status: success"
529,10,2,0.5,0.01,0.002215616,"Status: success"
530,10,2,0.47,0.01,0.003823657,"Status: success"
531,10,2,0.51,0.01,0.000920016,"Status: success"
532,10,2,0.85,0.03,0.002810175,"Status: success"
533,10,2,0.56,0.08,0.008949272,"Status: success"
534,10,2,0.43,0.06,0.009526811,"Status: success"
535,10,2,0.47,0.03,0.004639327,"Status: success"
536,10,2,0.48,0.05,0.008818089,"Status: success"
537,10,2,0.44,0.09,0.002020639,"Status: success"
538,10,2,0.51,0.01,0.0007803902,"Status: success"
539,10,2,0.45,0.03,0.0009750836,"Status: success"
540,10,2,0.46,0.01,0.003044107,"Status: success"
541,10,2,0.46,0.01,0.0002038548,"Status: success"
542,10,2,0.47,0.11,0.009553526,"Status: success"
543,10,2,0.44,0.08,0.006752468,"Status: success"
544,10,2,0.46,0.04,0.03281982,"Status: success"
545,10,2,0.51,0.11,0.006163274,"Status: success"
546,10,2,0.45,0.05,0.002275299,"Status: success"
547,10,2,0.48,0.05,0.01326234,"Status: success"
548,10,2,0.46,0.07,0.00147359,"Status: success"
549,10,2,0.49,0.05,0.005054341,"Status: success"
550,10,2,0.43,0.05,0.02073913,"Status: success"
551,10,2,0.49,0.11,0.003025688,"Status: success"
552,10,2,0.51,0.11,6.0102e-06,"Status: success"
553,10,2,0.45,0.04,0.004560362,"Status: success"
554,10,2,0.48,0.07,0.000907284,"Status: success"
555,10,2,0.48,0.2,0.001499671,"Status: success"
556,10,2,0.49,0.07,0.002322221,"Status: success"
557,10,2,0.48,0.09,0.0004715512,"Status: success"
558,10,2,0.53,0.03,0.0002469496,"Status: success"
559,10,2,0.43,0.06,0.0003260096,"Status: success"
560,10,2,0.47,0.06,0.01020928,"Status: success"
561,10,2,0.45,0.05,0.01137142,"Status: success"
562,10,2,0.45,0.08,0.00873893,"Status: success"
563,10,2,0.48,0.03,0.00298379,"Status: success"
564,10,2,0.49,0.09,0.005281579,"Status: success"
565,10,2,0.46,0.1,0.0005840402,"Status: success"
566,10,2,0.46,0.03,0.0003115164,"Status: success"
567,10,2,0.49,0.05,0.001815945,"Status: success"
568,10,2,0.79,0.16,0.009496282,"Status: success"
569,10,2,0.52,0.06,0.001820291,"Status: success"
570,10,2,0.44,0.03,0.002491807,"Status: success"
571,10,2,0.46,0.05,0.0006753132,"Status: success"
572,10,2,0.46,0.06,0.004686559,"Status: success"
573,10,2,0.45,0.04,0.000725675,"Status: success"
574,10,2,0.47,0.08,0.0009910556,"Status: success"
575,10,2,0.86,0.16,0.001584243,"Status: success"
576,10,2,0.5,0.07,0.000826906,"Status: success"
577,10,2,0.49,0.06,3.10266e-05,"Status: success"
578,10,2,0.49,0.01,0.0005020554,"Status: success"
579,10,2,0.44,0.01,0.0005020076,"Status: success"
580,10,2,0.46,0.01,0.007593583,"Status: success"
581,10,2,0.47,0.01,0.001647425,"Status: success"
582,10,2,0.49,0.06,0.007013158,"Status: success"
583,10,2,0.5,0.07,0.002358998,"Status: success"
584,10,2,0.5,0.04,0.001158029,"Status: success"
585,10,2,0.45,0.09,0.001291469,"Status: success"
586,10,2,0.45,0.11,0.003891337,"Status: success"
587,10,2,0.72,0.01,0.0006270908,"Status: success"
588,10,2,0.45,0.03,0.003841912,"Status: success"
589,10,2,0.77,0.46,0.0004009922,"Status: success"
590,10,2,0.48,0.01,0.000481844,"Status: success"
591,10,2,0.5,0.03,0.001265294,"Status: success"
592,10,2,0.51,0.02,0.002792964,"Status: success"
593,10,2,0.45,0.08,0.001273784,"Status: success"
594,10,2,0.47,0.02,0.001514813,"Status: success"
595,10,2,0.51,0.03,0.002790648,"Status: success"
596,10,2,0.5,0.02,0.001917903,"Status: success"
597,10,2,0.72,0.13,0.01398817,"Status: success"
598,10,2,0.45,0.05,0.0009731278,"Status: success"
599,10,2,0.46,0.05,0.0077067,"Status: success"
600,10,2,0.46,0.05,0.001582953,"Status: success"
601,10,2,0.48,0.04,0.002776648,"Status: success"
602,10,2,0.76,0.11,0.001088474,"Status: success"
603,10,2,0.48,0.06,0.001669788,"Status: success"
604,10,2,0.49,0.05,0.0002973722,"Status: success"
605,10,2,0.48,0.05,0.002549445,"Status: success"
606,10,2,0.46,0.04,0.002153366,"Status: success"
607,10,2,0.46,0.05,0.006469498,"Status: success"
608,10,2,0.49,0.03,0.0003935324,"Status: success"
609,10,2,0.5,0.07,0.002931719,"Status: success"
610,10,2,0.47,0.06,0.006808868,"Status: success"
611,10,2,0.48,0.06,0.00150789,"Status: success"
612,10,2,0.47,0.22,0.0005519416,"Status: success"
613,10,2,0.44,0.05,0.0009689,"Status: success"
614,10,2,0.49,0.05,0.01231269,"Status: success"
615,10,2,0.51,0.09,0.0009121742,"Status: success"
616,10,2,0.47,0.05,0.007209891,"Status: success"
617,10,2,0.5,0.05,0.007698239,"Status: success"
618,10,2,0.52,0.02,0.001749373,"Status: success"
619,10,2,0.48,0.04,0.001926106,"Status: success"
620,10,2,0.48,0.04,0.005706455,"Status: success"
621,10,2,0.49,0.07,0.001612138,"Status: success"
622,10,2,0.47,0.07,0.000558245,"Status: success"
623,10,2,0.47,0.07,0.005473672,"Status: success"
624,10,2,0.51,0.11,0.00275971,"Status: success"
625,10,2,0.45,0.04,0.003690217,"Status: success"
626,10,2,0.45,0.08,0.0009553268,"Status: success"
627,10,2,0.52,0.08,0.001709341,"Status: success"
628,10,2,0.48,0.09,0.0004765454,"Status: success"
629,10,2,0.48,0.01,0.003299877,"Status: success"
630,10,2,0.46,0.01,0.02017747,"Status: success"
631,10,2,0.49,0.01,0.002723297,"Status: success"
632,10,2,0.82,0.02,0.0006020638,"Status: success"
633,10,2,0.47,0.05,0.001861926,"Status: success"
634,10,2,0.48,0.04,0.001657712,"Status: success"
635,10,2,0.47,0.05,0.002563626,"Status: success"
636,10,2,0.47,0.09,0.003669473,"Status: success"
637,10,2,0.48,0.01,0.004934512,"Status: success"
638,10,2,0.47,0.01,0.001342767,"Status: success"
639,10,2,0.52,0.03,0.001672827,"Status: success"
640,10,2,0.47,0.14,0.005406529,"Status: success"
641,10,2,0.83,0.02,0.004657301,"Status: success"
642,10,2,0.44,0.01,0.0004042476,"Status: success"
643,10,2,0.49,0.01,0.000761799,"Status: success"
644,10,2,0.49,0.04,0.01280271,"Status: success"
645,10,2,0.46,0.04,0.0003876512,"Status: success"
646,10,2,0.95,0.05,0.01178092,"Status: success"
647,10,2,0.47,0.01,7.33226e-05,"Status: success"
648,10,2,0.47,0.05,0.0006700034,"Status: success"
649,10,2,0.51,0.03,0.003091822,"Status: success"
650,10,2,0.52,0.04,0.005319877,"Status: success"
651,10,2,0.47,0.11,0.001772872,"Status: success"
652,10,2,0.73,0.14,0.000114437,"Status: success"
653,10,2,0.46,0.06,0.0007680384,"Status: success"
654,10,2,0.47,0.07,0.001234677,"Status: success"
655,10,2,0.45,0.06,0.0006465764,"Status: success"
656,10,2,0.48,0.09,0.001897616,"Status: success"
657,10,2,0.49,0.11,0.002820654,"Status: success"
658,10,2,0.78,0.17,0.006217505,"Status: success"
659,10,2,0.48,0.05,0.002307046,"Status: success"
660,10,2,0.89,0.15,0.01505374,"Status: success"
661,10,2,0.45,0.09,0.00733846,"Status: success"
662,10,2,0.47,0.04,0.008678064,"Status: success"
663,10,2,0.49,0.11,0.004380603,"Status: success"
664,10,2,0.54,0.03,0.001521418,"Status: success"
665,10,2,0.48,0.04,0.0005374184,"Status: success"
666,10,2,0.5,0.06,0.000352126,"Status: success"
667,10,2,0.47,0.04,0.002508923,"Status: success"
668,10,2,0.49,0.04,0.006831789,"Status: success"
669,10,2,0.48,0.2,0.00219818,"Status: success"
670,10,2,0.76,0.11,0.0009948376,"Status: success"
671,10,2,0.76,0.18,0.03032487,"Status: success"
672,10,2,0.5,0.04,0.02289703,"Status: success"
673,10,2,0.47,0.03,0.01464932,"Status: success"
674,10,2,0.44,0.06,0.000428793,"Status: success"
675,10,2,0.5,0.09,0.004564959,"Status: success"
676,10,2,0.5,0.05,0.001422947,"Status: success"
677,10,2,0.45,0.08,0.006058108,"Status: success"
678,10,2,0.49,0.01,0.0009004278,"Status: success"
679,10,2,0.46,0.01,0.01008623,"Status: success"
680,10,2,0.44,0.01,0.002426145,"Status: success"
681,10,2,0.97,0.02,0.002974873,"Status: success"
682,10,2,0.48,0.06,0.0009968068,"Status: success"
683,10,2,0.48,0.06,9.39776e-05,"Status: success"
684,10,2,0.5,0.03,0.002648822,"Status: success"
685,10,2,1.06,0.03,0.23165,"Status: success"
686,10,2,0.46,0.06,0.002265786,"Status: success"
687,10,2,0.45,0.01,0.002688324,"Status: success"
688,10,2,0.53,0.02,0.003012263,"Status: success"
689,10,2,0.46,0.01,0.003008348,"Status: success"
690,10,2,0.51,0.01,0.00144992,"Status: success"
691,10,2,0.47,0.09,0.002064237,"Status: success"
692,10,2,0.46,0.08,0.006625778,"Status: success"
693,10,2,0.47,0.09,0.001442326,"Status: success"
694,10,2,0.56,0.05,0.004716957,"Status: success"
695,10,2,0.79,0.05,0.01062407,"Status: success"
696,10,2,0.49,0.04,0.0007958308,"Status: success"
697,10,2,0.48,0.09,0.0005085074,"Status: success"
698,10,2,0.75,0.1,0.007375267,"Status: success"
699,10,2,0.47,0.07,0.002351965,"Status: success"
700,10,2,0.5,0.04,0.001476775,"Status: success"
701,10,2,0.46,0.06,0.0112069,"Status: success"
702,10,2,0.95,0.06,0.005562818,"Status: success"
703,10,2,0.49,0.07,0.000614271,"Status: success"
704,10,2,0.48,0.07,0.0005285914,"Status: success"
705,10,2,0.47,0.08,0.001654153,"Status: success"
706,10,2,0.83,0.12,0.003228048,"Status: success"
707,10,2,0.45,0.08,0.01219902,"Status: success"
708,10,2,0.45,0.09,0.00265122,"Status: success"
709,10,2,0.48,0.04,0.0005227668,"Status: success"
710,10,2,0.89,0.12,0.01079991,"Status: success"
711,10,2,0.44,0.05,6.56664e-05,"Status: success"
712,10,2,0.47,0.09,0.0005516666,"Status: success"
713,10,2,0.55,0.14,0.001921827,"Status: success"
714,10,2,0.49,0.03,0.002492589,"Status: success"
715,10,2,0.44,0.03,0.01068405,"Status: success"
716,10,2,0.44,0.08,0.009706867,"Status: success"
717,10,2,0.45,0.07,0.00418798,"Status: success"
718,10,2,0.51,0.07,0.001214808,"Status: success"
719,10,2,0.49,0.04,0.001422775,"Status: success"
720,10,2,0.49,0.06,0.002391454,"Status: success"
721,10,2,0.5,0.09,0.00499864,"Status: success"
722,10,2,0.45,0.09,0.002396291,"Status: success"
723,10,2,0.45,0.06,0.0008610378,"Status: success"
724,10,2,0.5,0.12,0.002351036,"Status: success"
725,10,2,0.54,0.05,0.0001609258,"Status: success"
726,10,2,0.44,0.06,0.002138558,"Status: success"
727,10,2,0.46,0.07,0.006301388,"Status: success"
728,10,2,0.52,0.01,0.01412927,"Status: success"
729,10,2,0.48,0.02,0.007184775,"Status: success"
730,10,2,0.49,0.02,0.001290534,"Status: success"
731,10,2,0.45,0.01,0.002186106,"Status: success"
732,10,2,0.49,0.17,0.001301908,"Status: success"
733,10,2,0.51,0.05,0.001299082,"Status: success"
734,10,2,0.46,0.14,0.003736518,"Status: success"
735,10,2,0.48,0.1,0.006332158,"Status: success"
736,10,2,0.48,0.02,0.002808301,"Status: success"
737,10,2,0.47,0.01,0.0004301712,"Status: success"
738,10,2,0.43,0.01,0.004975914,"Status: success"
739,10,2,0.45,0.01,0.01029113,"Status: success"
740,10,2,0.51,0.01,0.001995174,"Status: success"
741,10,2,0.48,0.01,0.003301428,"Status: success"
742,10,2,0.5,0.01,0.0006554744,"Status: success"
743,10,2,0.43,0.04,2.54958e-05,"Status: success"
744,10,2,0.5,0.04,0.001111821,"Status: success"
745,10,2,0.46,0.08,0.007425615,"Status: success"
746,10,2,0.48,0.02,0.004415382,"Status: success"
747,10,2,0.47,0.04,0.01102767,"Status: success"
748,10,2,0.86,0.14,0.01842837,"Status: success"
749,10,2,0.48,0.08,0.01681027,"Status: success"
750,10,2,0.47,0.07,0.01484512,"Status: success"
751,10,2,0.48,0.06,0.005547637,"Status: success"
752,10,2,0.48,0.19,0.005347938,"Status: success"
753,10,2,0.5,0.08,0.003393267,"Status: success"
754,10,2,1,0.14,0.006770801,"Status: success"
755,10,2,0.49,0.03,0.001424444,"Status: success"
756,10,2,0.47,0.05,0.007016141,"Status: success"
757,10,2,0.51,0.05,0.04698584,"Status: success"
758,10,2,0.47,0.04,0.001173122,"Status: success"
759,10,2,0.51,0.05,0.008166447,"Status: success"
760,10,2,0.46,0.15,0.002024209,"Status: success"
761,10,2,0.5,0.09,0.0006409376,"Status: success"
762,10,2,0.47,0.14,0.0009833176,"Status: success"
763,10,2,0.47,0.11,0.001751697,"Status: success"
764,10,2,0.5,0.05,0.01233715,"Status: success"
765,10,2,0.46,0.06,0.001788553,"Status: success"
766,10,2,0.47,0.05,0.002663656,"Status: success"
767,10,2,0.58,0.05,0.0002487702,"Status: success"
768,10,2,0.49,0.04,0.04033712,"Status: success"
769,10,2,0.53,0.08,0.0006267696,"Status: success"
770,10,2,0.46,0.05,0.004798679,"Status: success"
771,10,2,0.47,0.15,0.0009453838,"Status: success"
772,10,2,0.79,0.22,0.002154893,"Status: success"
773,10,2,0.43,0.05,0.006571864,"Status: success"
774,10,2,0.44,0.08,0.0002965172,"Status: success"
775,10,2,0.49,0.03,0.0008657602,"Status: success"
776,10,2,0.47,0.1,0.003654324,"Status: success"
777,10,2,0.45,0.01,0.00166607,"Status: success"
778,10,2,0.48,0.02,0.004717234,"Status: success"
779,10,2,0.5,0.02,0.00103829,"Status: success"
780,10,2,0.47,0.03,0.00018593,"Status: success"
781,10,2,0.43,0.04,0.001934065,"Status: success"
782,10,2,0.5,0.09,0.004027969,"Status: success"
783,10,2,1.02,0.12,0.01495638,"Status: success"
784,10,2,0.84,0.28,0.003282578,"Status: success"
785,10,2,0.51,0.01,0.0006543726,"Status: success"
786,10,2,0.48,0.01,0.001231634,"Status: success"
787,10,2,0.49,0.01,0.003882501,"Status: success"
788,10,2,0.5,0.06,0.003943585,"Status: success"
789,10,2,0.49,0.01,6.05058e-05,"Status: success"
790,10,2,0.76,0.05,0.005419288,"Status: success"
791,10,2,0.47,0.07,0.01920558,"Status: success"
792,10,2,0.46,0.07,0.0006452948,"Status: success"
793,10,2,0.5,0.06,0.01086132,"Status: success"
794,10,2,0.46,0.05,0.0003946512,"Status: success"
795,10,2,0.47,0.03,0.0006019794,"Status: success"
796,10,2,0.48,0.11,0.00283396,"Status: success"
797,10,2,0.48,0.14,0.001554282,"Status: success"
798,10,2,0.49,0.1,0.007314131,"Status: success"
799,10,2,0.49,0.07,0.0025478,"Status: success"
800,10,2,0.46,0.13,0.0009372922,"Status: success"
801,10,2,0.49,0.07,0.0007142354,"Status: success"
802,10,2,0.49,0.05,0.001099682,"Status: success"
803,10,2,0.47,0.05,0.003344857,"Status: success"
804,10,2,0.45,0.07,0.02806745,"Status: success"
805,10,2,0.47,0.07,0.000106827,"Status: success"
806,10,2,0.5,0.07,0.00109515,"Status: success"
807,10,2,0.48,0.03,0.001290505,"Status: success"
808,10,2,0.46,0.07,0.003386497,"Status: success"
809,10,2,0.48,0.03,0.001437919,"Status: success"
810,10,2,0.48,0.05,0.002964411,"Status: success"
811,10,2,0.47,0.04,0.003942568,"Status: success"
812,10,2,0.45,0.1,0.004329602,"Status: success"
813,10,2,0.49,0.09,0.002161939,"Status: success"
814,10,2,0.49,0.06,0.00896939,"Status: success"
815,10,2,0.46,0.07,0.002912797,"Status: success"
816,10,2,0.5,0.06,0.001190947,"Status: success"
817,10,2,0.48,0.03,0.002606441,"Status: success"
818,10,2,0.47,0.04,0.0001442834,"Status: success"
819,10,2,0.54,0.04,0.001443024,"Status: success"
820,10,2,0.46,0.09,0.004688531,"Status: success"
821,10,2,0.48,0.08,0.0006829348,"Status: success"
822,10,2,0.51,0.08,0.002671062,"Status: success"
823,10,2,0.46,0.06,0.005166442,"Status: success"
824,10,2,0.5,0.11,0.00867447,"Status: success"
825,10,2,0.48,0.03,0.001119585,"Status: success"
826,10,2,0.44,0.04,0.0007602262,"Status: success"
827,10,2,0.47,0.02,0.001407769,"Status: success"
828,10,2,0.5,0.02,0.00925739,"Status: success"
829,10,2,0.47,0.01,0.0007649822,"Status: success"
830,10,2,0.49,0.05,0.001404487,"Status: success"
831,10,2,0.46,0.05,0.002582703,"Status: success"
832,10,2,0.82,0.19,0.001175557,"Status: success"
833,10,2,0.44,0.05,0.002842953,"Status: success"
834,10,2,0.49,0.1,0.0002739642,"Status: success"
835,10,2,0.47,0.03,0.001823794,"Status: success"
836,10,2,0.47,0.02,0.008694581,"Status: success"
837,10,2,0.45,0.17,0.01183487,"Status: success"
838,10,2,0.5,0.04,0.002717475,"Status: success"
839,10,2,0.5,0.07,0.0008061964,"Status: success"
840,10,2,0.45,0.01,0.001309242,"Status: success"
841,10,2,0.45,0.12,0.006523797,"Status: success"
842,10,2,0.47,0.01,0.007295914,"Status: success"
843,10,2,0.48,0.04,0.01246405,"Status: success"
844,10,2,0.43,0.06,0.000655503,"Status: success"
845,10,2,0.47,0.01,0.002153279,"Status: success"
846,10,2,0.5,0.02,0.004562372,"Status: success"
847,10,2,0.49,0.08,0.004079643,"Status: success"
848,10,2,0.46,0.05,0.01517514,"Status: success"
849,10,2,0.44,0.09,0.001315733,"Status: success"
850,10,2,0.46,0.05,0.003809077,"Status: success"
851,10,2,0.45,0.05,0.001041744,"Status: success"
852,10,2,0.47,0.07,0.000530485,"Status: success"
853,10,2,0.47,0.04,0.001284303,"Status: success"
854,10,2,0.47,0.02,0.003319254,"Status: success"
855,10,2,0.48,0.09,0.001827166,"Status: success"
856,10,2,0.45,0.06,0.0009793072,"Status: success"
857,10,2,0.78,0.11,0.02028473,"Status: success"
858,10,2,0.49,0.02,0.0007808548,"Status: success"
859,10,2,0.48,0.06,0.002335982,"Status: success"
860,10,2,0.45,0.1,0.004268671,"Status: success"
861,10,2,0.92,0.15,0.01113964,"Status: success"
862,10,2,0.44,0.1,0.003793672,"Status: success"
863,10,2,0.45,0.09,0.000348533,"Status: success"
864,10,2,0.46,0.12,0.002376782,"Status: success"
865,10,2,0.48,0.1,0.001903675,"Status: success"
866,10,2,0.46,0.06,0.005882731,"Status: success"
867,10,2,0.48,0.14,0.008095167,"Status: success"
868,10,2,0.48,0.05,0.000468264,"Status: success"
869,10,2,0.72,0.1,0.001094136,"Status: success"
870,10,2,0.46,0.05,0.003917087,"Status: success"
871,10,2,0.44,0.07,0.0002974932,"Status: success"
872,10,2,0.46,0.05,0.001909028,"Status: success"
873,10,2,0.51,0.08,0.00202098,"Status: success"
874,10,2,0.48,0.08,0.002700417,"Status: success"
875,10,2,0.48,0.05,0.003150188,"Status: success"
876,10,2,0.43,0.01,0.0005567196,"Status: success"
877,10,2,1.09,0.02,0.07976307,"Status: success"
878,10,2,0.48,0.02,0.01087529,"Status: success"
879,10,2,0.48,0.01,0.01224927,"Status: success"
880,10,2,0.47,0.09,0.001127031,"Status: success"
881,10,2,0.45,0.04,0.007111395,"Status: success"
882,10,2,0.47,0.04,0.001253091,"Status: success"
883,10,2,0.51,0.05,0.007753826,"Status: success"
884,10,2,0.85,0.16,0.005996085,"Status: success"
885,10,2,0.47,0.02,0.003250755,"Status: success"
886,10,2,0.54,0.04,0.00417235,"Status: success"
887,10,2,0.5,0.06,0.00328964,"Status: success"
888,10,2,0.48,0.01,0.008207588,"Status: success"
889,10,2,0.44,0.05,2.02236e-05,"Status: success"
890,10,2,0.51,0.07,0.003572723,"Status: success"
891,10,2,0.52,0.05,0.00652898,"Status: success"
892,10,2,0.48,0.13,0.01233922,"Status: success"
893,10,2,0.47,0.04,0.01368868,"Status: success"
894,10,2,0.46,0.01,0.0002468756,"Status: success"
895,10,2,0.82,0.21,0.006964316,"Status: success"
896,10,2,0.49,0.03,0.01067482,"Status: success"
897,10,2,0.48,0.04,0.005926011,"Status: success"
898,10,2,0.48,0.04,0.00110678,"Status: success"
899,10,2,0.47,0.09,0.00407464,"Status: success"
900,10,2,0.51,0.06,0.01552081,"Status: success"
901,10,2,0.5,0.03,0.0008531182,"Status: success"
902,10,2,0.43,0.08,0.0037467,"Status: success"
903,10,2,0.72,0.15,0.00336611,"Status: success"
904,10,2,0.52,0.07,0.000498177,"Status: success"
905,10,2,0.47,0.06,0.003522225,"Status: success"
906,10,2,0.45,0.09,0.0002198862,"Status: success"
907,10,2,0.44,0.05,0.004418331,"Status: success"
908,10,2,0.48,0.05,0.01123965,"Status: success"
909,10,2,0.47,0.08,0.0003294776,"Status: success"
910,10,2,0.49,0.04,0.001868417,"Status: success"
911,10,2,0.44,0.08,0.00214805,"Status: success"
912,10,2,0.53,0.04,0.01707045,"Status: success"
913,10,2,0.45,0.08,0.001911004,"Status: success"
914,10,2,0.46,0.05,0.004555182,"Status: success"
915,10,2,0.45,0.09,0.0006236992,"Status: success"
916,10,2,0.49,0.06,0.02109154,"Status: success"
917,10,2,0.48,0.04,0.004084935,"Status: success"
918,10,2,0.44,0.06,0.003773154,"Status: success"
919,10,2,0.46,0.07,0.00173287,"Status: success"
920,10,2,0.52,0.06,0.002464173,"Status: success"
921,10,2,0.88,0.09,0.005958283,"Status: success"
922,10,2,0.47,0.08,0.0007047812,"Status: success"
923,10,2,0.45,0.08,0.004617425,"Status: success"
924,10,2,0.47,0.06,0.002017605,"Status: success"
925,10,2,0.46,0.05,0.008801529,"Status: success"
926,10,2,0.76,0.2,0.0007395574,"Status: success"
927,10,2,0.45,0.01,0.0009776086,"Status: success"
928,10,2,0.47,0.01,0.004476449,"Status: success"
929,10,2,0.42,0.01,0.001625899,"Status: success"
930,10,2,0.52,0.03,0.01450898,"Status: success"
931,10,2,0.49,0.07,0.001077944,"Status: success"
932,10,2,0.44,0.05,5.8818e-06,"Status: success"
933,10,2,0.5,0.07,0.001071533,"Status: success"
934,10,2,0.47,0.02,0.002806846,"Status: success"
935,10,2,0.46,0.01,0.004823089,"Status: success"
936,10,2,0.53,0.01,0.000163984,"Status: success"
937,10,2,0.51,0.01,0.02024332,"Status: success"
938,10,2,0.51,0.01,0.0006389076,"Status: success"
939,10,2,0.83,0.02,0.001943126,"Status: success"
940,10,2,0.5,0.01,0.006376094,"Status: success"
941,10,2,0.47,0.01,0.0002938664,"Status: success"
942,10,2,0.49,0.12,0.00745809,"Status: success"
943,10,2,0.45,0.12,0.001653866,"Status: success"
944,10,2,0.46,0.05,0.001594607,"Status: success"
945,10,2,0.46,0.06,0.00303423,"Status: success"
946,10,2,0.44,0.03,0.00189367,"Status: success"
947,10,2,0.46,0.06,0.002020545,"Status: success"
948,10,2,0.45,0.05,0.0008470758,"Status: success"
949,10,2,0.46,0.13,0.005845017,"Status: success"
950,10,2,0.46,0.1,0.0001262308,"Status: success"
951,10,2,0.52,0.14,0.009073855,"Status: success"
952,10,2,0.51,0.11,0.002184198,"Status: success"
953,10,2,0.5,0.1,0.004890851,"Status: success"
954,10,2,0.47,0.06,0.003325899,"Status: success"
955,10,2,0.48,0.03,0.0002494204,"Status: success"
956,10,2,0.52,0.04,0.002697474,"Status: success"
957,10,2,0.46,0.07,0.000448092,"Status: success"
958,10,2,0.49,0.04,0.00261054,"Status: success"
959,10,2,0.52,0.08,0.001136914,"Status: success"
960,10,2,0.5,0.08,0.003728039,"Status: success"
961,10,2,0.48,0.08,0.001713426,"Status: success"
962,10,2,0.53,0.03,0.007046977,"Status: success"
963,10,2,0.47,0.03,0.01348979,"Status: success"
964,10,2,0.48,0.06,0.006351126,"Status: success"
965,10,2,0.47,0.04,0.0007862744,"Status: success"
966,10,2,0.45,0.06,0.001149693,"Status: success"
967,10,2,0.47,0.08,9.58362e-05,"Status: success"
968,10,2,0.47,0.07,0.003788553,"Status: success"
969,10,2,0.44,0.11,0.009746793,"Status: success"
970,10,2,0.46,0.09,0.004209319,"Status: success"
971,10,2,0.79,0.05,0.001193458,"Status: success"
972,10,2,0.46,0.02,0.00302529,"Status: success"
973,10,2,0.46,0.07,0.007761103,"Status: success"
974,10,2,0.48,0.05,0.004009667,"Status: success"
975,10,2,0.47,0.01,0.0009404652,"Status: success"
976,10,2,0.48,0.01,0.002421916,"Status: success"
977,10,2,0.92,0.01,0.04385884,"Status: success"
978,10,2,0.44,0.01,0.001846636,"Status: success"
979,10,2,0.49,0.09,0.00142122,"Status: success"
980,10,2,0.52,0.11,0.0002661084,"Status: success"
981,10,2,0.8,0.34,0.004730431,"Status: success"
982,10,2,0.47,0.06,0.003864945,"Status: success"
983,10,2,0.78,0.06,0.0009729752,"Status: success"
984,10,2,0.47,0.02,0.00183084,"Status: success"
985,10,2,0.47,0.01,0.002093715,"Status: success"
986,10,2,0.45,0.11,0.001750131,"Status: success"
987,10,2,0.46,0.01,0.01039766,"Status: success"
988,10,2,0.5,0.01,0.004015587,"Status: success"
989,10,2,0.47,0.01,0.0111782,"Status: success"
990,10,2,0.46,0.06,0.0099153,"Status: success"
991,10,2,0.81,0.13,0.001999896,"Status: success"
992,10,2,0.49,0.03,0.0006621854,"Status: success"
993,10,2,0.5,0.01,0.002098223,"Status: success"
994,10,2,0.46,0.05,0.01001784,"Status: success"
995,10,2,0.5,0.06,0.008653252,"Status: success"
996,10,2,0.47,0.03,0.005393753,"Status: success"
997,10,2,0.46,0.12,0.000791039,"Status: success"
998,10,2,0.46,0.09,0.00501586,"Status: success"
999,10,2,0.77,0.22,0.0001100164,"Status: success"
1000,10,2,0.48,0.06,0.005361892,"Status: success"
1,10,3,2.8,0.08,0.0343436,"Status: success"
2,10,3,1.44,0.02,0.0127055,"Status: success"
3,10,3,1.95,0.02,0.007447382,"Status: success"
4,10,3,2.26,0.07,0.00204112,"Status: success"
5,10,3,2.11,0.08,0.002937402,"Status: success"
6,10,3,2.45,0.03,0.009575733,"Status: success"
7,10,3,5.05,0.02,0.2545739,"Status: success"
8,10,3,1.96,0.03,0.01441543,"Status: success"
9,10,3,2.15,0.16,0.00752338,"Status: success"
10,10,3,1.85,0.02,0.01089404,"Status: success"
11,10,3,3.09,0.05,0.01657646,"Status: success"
12,10,3,2.26,0.02,0.02249895,"Status: success"
13,10,3,2.25,0.01,0.01684565,"Status: success"
14,10,3,2.29,0.02,0.003779747,"Status: success"
15,10,3,1.62,0.01,0.01414581,"Status: success"
16,10,3,2.2,0.02,0.01691276,"Status: success"
17,10,3,2.42,0.26,0.003622842,"Status: success"
18,10,3,2.25,0.01,0.02644571,"Status: success"
19,10,3,2.4,0.01,0.0009731617,"Status: success"
20,10,3,1.93,0.01,0.006064896,"Status: success"
21,10,3,2.61,0.06,0.06457947,"Status: success"
22,10,3,1.92,0.08,0.02337893,"Status: success"
23,10,3,3.17,0.23,0.02085082,"Status: success"
24,10,3,1.92,0.03,0.007580625,"Status: success"
25,10,3,1.89,0.01,0.006784448,"Status: success"
26,10,3,1.82,0.01,0.01795643,"Status: success"
27,10,3,2.37,0.01,0.03896708,"Status: success"
28,10,3,2.07,0.14,0.03952733,"Status: success"
29,10,3,2.41,0.03,0.009784102,"Status: success"
30,10,3,1.92,0.01,0.01234974,"Status: success"
31,10,3,2.13,0.02,0.01346848,"Status: success"
32,10,3,1.84,0.01,0.01320629,"Status: success"
33,10,3,2.03,0.02,0.001454522,"Status: success"
34,10,3,1.93,0.02,0.003745717,"Status: success"
35,10,3,1.74,0.04,0.01203176,"Status: success"
36,10,3,3.36,0.01,0.06757313,"Status: success"
37,10,3,2.57,0.01,0.003527494,"Status: success"
38,10,3,1.98,0.01,0.005754631,"Status: success"
39,10,3,1.94,0.01,0.002267569,"Status: success"
40,10,3,1.94,0.01,0.03787849,"Status: success"
41,10,3,3.91,0.13,0.067582,"Status: success"
42,10,3,1.76,0.02,0.008171205,"Status: success"
43,10,3,1.7,0.03,0.01608218,"Status: success"
44,10,3,2.87,0.05,0.03227818,"Status: success"
45,10,3,2.1,0.01,0.03801091,"Status: success"
46,10,3,3.15,0.09,0.02316882,"Status: success"
47,10,3,1.88,0.07,0.04899601,"Status: success"
48,10,3,1.93,0.04,0.01404016,"Status: success"
49,10,3,2.07,0.01,0.004601256,"Status: success"
50,10,3,2.02,0.01,0.01142002,"Status: success"
51,10,3,2.01,0.01,0.01169492,"Status: success"
52,10,3,3.57,0.08,0.05354586,"Status: success"
53,10,3,2.76,0.29,0.0006832157,"Status: success"
54,10,3,2.05,0.01,0.01663054,"Status: success"
55,10,3,1.95,0.03,0.01071867,"Status: success"
56,10,3,1.94,0.01,0.02924946,"Status: success"
57,10,3,1.62,0.01,0.01103318,"Status: success"
58,10,3,1.96,0.06,0.01574886,"Status: success"
59,10,3,2.62,0.24,0.03744392,"Status: success"
60,10,3,1.72,0.02,0.03349148,"Status: success"
61,10,3,3.29,0.09,0.04081726,"Status: success"
62,10,3,1.9,0.01,0.05416286,"Status: success"
63,10,3,1.93,0.02,0.04170236,"Status: success"
64,10,3,2.18,0.01,0.03575009,"Status: success"
65,10,3,2.64,0.01,0.01390176,"Status: success"
66,10,3,1.9,0.02,0.0122296,"Status: success"
67,10,3,1.91,0.02,0.005217897,"Status: success"
68,10,3,1.44,0.02,0.009503083,"Status: success"
69,10,3,3.1,0.01,0.2274628,"Status: success"
70,10,3,2.31,0.01,0.004324013,"Status: success"
71,10,3,2.5,0.02,0.01281896,"Status: success"
72,10,3,2.51,0.02,0.009000719,"Status: success"
73,10,3,2.21,0.01,0.02546351,"Status: success"
74,10,3,1.83,0.04,0.007964813,"Status: success"
75,10,3,2.05,0.01,0.009641381,"Status: success"
76,10,3,3.83,0.14,0.06565796,"Status: success"
77,10,3,2.7,0.01,0.02969443,"Status: success"
78,10,3,2.53,0.01,0.0153422,"Status: success"
79,10,3,1.83,0.01,0.02195407,"Status: success"
80,10,3,2.52,0.03,0.01789717,"Status: success"
81,10,3,2.1,0.01,0.0360449,"Status: success"
82,10,3,2.03,0.02,0.0005922985,"Status: success"
83,10,3,1.85,0.03,0.005920018,"Status: success"
84,10,3,2.19,0.01,0.009555195,"Status: success"
85,10,3,2.35,0.02,0.02106159,"Status: success"
86,10,3,2.47,0.01,0.01994108,"Status: success"
87,10,3,1.96,0.01,0.005277587,"Status: success"
88,10,3,1.93,0.05,0.01824309,"Status: success"
89,10,3,3.22,0.02,0.04318104,"Status: success"
90,10,3,1.92,0.01,0.007418299,"Status: success"
91,10,3,2.19,0.01,0.01988547,"Status: success"
92,10,3,2.22,0.06,0.01663407,"Status: success"
93,10,3,2.16,0.02,0.0182608,"Status: success"
94,10,3,1.69,0.01,0.006506506,"Status: success"
95,10,3,2.48,0.07,0.00387223,"Status: success"
96,10,3,1.94,0.01,0.01914986,"Status: success"
97,10,3,2.41,0.01,0.0207908,"Status: success"
98,10,3,3.1,0.13,0.02428476,"Status: success"
99,10,3,2.07,0.02,0.002561497,"Status: success"
100,10,3,3.15,0.11,0.02051424,"Status: success"
101,10,3,2.04,0.01,0.04189684,"Status: success"
102,10,3,1.68,0.05,0.04281319,"Status: success"
103,10,3,1.94,0.01,0.007147587,"Status: success"
104,10,3,2.42,0.05,0.00509385,"Status: success"
105,10,3,1.82,0.01,0.01017122,"Status: success"
106,10,3,3.25,0.06,0.01032452,"Status: success"
107,10,3,1.73,0.02,0.003447533,"Status: success"
108,10,3,2.4,0.01,0.04188055,"Status: success"
109,10,3,1.95,0.04,0.0201967,"Status: success"
110,10,3,1.97,0.03,0.02021312,"Status: success"
111,10,3,3.87,0.14,0.02848676,"Status: success"
112,10,3,2.5,0.01,0.01216752,"Status: success"
113,10,3,1.76,0.03,0.01284687,"Status: success"
114,10,3,3.81,0.06,0.06942534,"Status: success"
115,10,3,2.65,0.01,0.0008847857,"Status: success"
116,10,3,3.16,0.06,0.03036987,"Status: success"
117,10,3,2.21,0.01,0.01541479,"Status: success"
118,10,3,2.13,0.06,0.02020094,"Status: success"
119,10,3,1.62,0.02,0.005248572,"Status: success"
120,10,3,1.85,0.01,0.01538071,"Status: success"
121,10,3,1.84,0.01,0.01952254,"Status: success"
122,10,3,3.39,0.1,0.02632041,"Status: success"
123,10,3,2.13,0.01,0.006076503,"Status: success"
124,10,3,1.91,0.01,0.01364958,"Status: success"
125,10,3,2.96,0.15,0.01546081,"Status: success"
126,10,3,1.79,0.01,0.05643555,"Status: success"
127,10,3,1.93,0.01,0.04551957,"Status: success"
128,10,3,2.42,0.01,0.01714545,"Status: success"
129,10,3,1.65,0.01,0.006820822,"Status: success"
130,10,3,2.18,0.01,0.06235992,"Status: success"
131,10,3,2.86,0.02,0.0332233,"Status: success"
132,10,3,3.15,0.11,0.02452035,"Status: success"
133,10,3,1.9,0.02,0.009583479,"Status: success"
134,10,3,2.19,0.01,0.03604595,"Status: success"
135,10,3,1.79,0.02,0.01701041,"Status: success"
136,10,3,2.14,0.01,0.01762325,"Status: success"
137,10,3,3.17,0.02,0.01262958,"Status: success"
138,10,3,1.91,0.01,0.029239,"Status: success"
139,10,3,3.32,0.02,0.007530455,"Status: success"
140,10,3,1.59,0.06,0.01339254,"Status: success"
141,10,3,3.7,0.03,0.1314217,"Status: success"
142,10,3,2.34,0.02,0.01094619,"Status: success"
143,10,3,2.3,0.01,0.01861586,"Status: success"
144,10,3,3.67,0.03,0.114812,"Status: success"
145,10,3,2.48,0.01,0.007056265,"Status: success"
146,10,3,1.51,0.01,0.01247284,"Status: success"
147,10,3,2.81,0.13,0.005080096,"Status: success"
148,10,3,2.7,0.08,0.02458176,"Status: success"
149,10,3,1.98,0.01,0.01471634,"Status: success"
150,10,3,1.63,0.02,0.02790836,"Status: success"
151,10,3,2.21,0.01,0.001754241,"Status: success"
152,10,3,2.56,0.08,0.03820061,"Status: success"
153,10,3,2.95,0.11,0.03290841,"Status: success"
154,10,3,2.63,0.02,0.00249935,"Status: success"
155,10,3,1.79,0.01,0.05906115,"Status: success"
156,10,3,2.04,0.02,0.006095779,"Status: success"
157,10,3,3.36,0.1,0.02972417,"Status: success"
158,10,3,2.15,0.02,0.02522191,"Status: success"
159,10,3,2.39,0.05,0.03557528,"Status: success"
160,10,3,2.06,0.04,0.01608601,"Status: success"
161,10,3,2.15,0.02,0.009003869,"Status: success"
162,10,3,2.34,0.01,0.0228385,"Status: success"
163,10,3,1.85,0.02,0.006524498,"Status: success"
164,10,3,3.34,0.05,0.0210495,"Status: success"
165,10,3,3.22,0.15,0.008381497,"Status: success"
166,10,3,1.9,0.02,0.007054725,"Status: success"
167,10,3,3.17,0.05,0.008258348,"Status: success"
168,10,3,3.06,0.23,0.02426069,"Status: success"
169,10,3,4.05,0.06,0.01274679,"Status: success"
170,10,3,1.77,0.02,0.009188974,"Status: success"
171,10,3,2.58,0.02,0.02217502,"Status: success"
172,10,3,2.22,0.02,0.0281341,"Status: success"
173,10,3,2.59,0.12,0.01568205,"Status: success"
174,10,3,2.09,0.01,0.008423274,"Status: success"
175,10,3,3.28,0.09,0.007438673,"Status: success"
176,10,3,2.59,0.01,0.03197341,"Status: success"
177,10,3,2.35,0.01,0.1603307,"Status: success"
178,10,3,2.14,0.01,0.006685929,"Status: success"
179,10,3,1.66,0.01,0.01098785,"Status: success"
180,10,3,2.01,0.01,0.008784196,"Status: success"
181,10,3,2.9,0.07,0.01759732,"Status: success"
182,10,3,2.73,0.01,0.01700541,"Status: success"
183,10,3,2.29,0.02,0.05590361,"Status: success"
184,10,3,1.72,0.02,0.009093801,"Status: success"
185,10,3,1.71,0.01,0.01353098,"Status: success"
186,10,3,2,0.01,0.002675235,"Status: success"
187,10,3,1.94,0.01,0.0193221,"Status: success"
188,10,3,1.82,0.01,0.00228842,"Status: success"
189,10,3,2,0.01,0.03508441,"Status: success"
190,10,3,1.99,0.08,0.002920407,"Status: success"
191,10,3,1.97,0.01,0.007638398,"Status: success"
192,10,3,3.21,0.14,0.02532269,"Status: success"
193,10,3,2.53,0.19,0.01232825,"Status: success"
194,10,3,2.69,0.06,0.05399447,"Status: success"
195,10,3,2.25,0.01,0.0101413,"Status: success"
196,10,3,2.32,0.01,0.07102504,"Status: success"
197,10,3,1.83,0.04,0.003853145,"Status: success"
198,10,3,1.65,0.02,0.06039728,"Status: success"
199,10,3,1.91,0.01,0.007169656,"Status: success"
200,10,3,2.77,0.11,0.02710697,"Status: success"
201,10,3,2.04,0.01,0.007699369,"Status: success"
202,10,3,1.82,0.02,0.0155467,"Status: success"
203,10,3,1.95,0.03,0.002894704,"Status: success"
204,10,3,3.62,0.12,0.02680368,"Status: success"
205,10,3,2.62,0.02,0.0193712,"Status: success"
206,10,3,2.49,0.02,0.01758106,"Status: success"
207,10,3,1.98,0.01,0.03119745,"Status: success"
208,10,3,1.91,0.02,0.008087642,"Status: success"
209,10,3,3.32,0.04,0.0212961,"Status: success"
210,10,3,1.66,0.02,0.008504119,"Status: success"
211,10,3,1.79,0.05,0.02486558,"Status: success"
212,10,3,1.83,0.03,0.006492072,"Status: success"
213,10,3,2.53,0.1,0.01548208,"Status: success"
214,10,3,2.38,0.01,0.005459755,"Status: success"
215,10,3,1.74,0.01,0.01902509,"Status: success"
216,10,3,2.14,0.01,0.02325541,"Status: success"
217,10,3,1.65,0.06,0.02240947,"Status: success"
218,10,3,2.27,0.01,0.02008488,"Status: success"
219,10,3,3.56,0.12,0.04159378,"Status: success"
220,10,3,1.97,0.02,0.0136437,"Status: success"
221,10,3,2.01,0.02,0.003301382,"Status: success"
222,10,3,2.81,0.01,0.01212301,"Status: success"
223,10,3,2.05,0.02,0.009025335,"Status: success"
224,10,3,1.89,0.02,0.01040727,"Status: success"
225,10,3,2.3,0.01,0.007071618,"Status: success"
226,10,3,2.6,0.18,0.03907392,"Status: success"
227,10,3,3.48,0.09,0.0645598,"Status: success"
228,10,3,1.87,0.04,0.01297963,"Status: success"
229,10,3,2.2,0.03,0.02049946,"Status: success"
230,10,3,2.03,0.01,0.004367078,"Status: success"
231,10,3,2.66,0.08,0.0082718,"Status: success"
232,10,3,3.11,0.02,0.01318997,"Status: success"
233,10,3,3.53,0.02,0.03476217,"Status: success"
234,10,3,2.09,0.01,0.01585631,"Status: success"
235,10,3,3.03,0.02,0.1121994,"Status: success"
236,10,3,1.93,0.02,0.08622176,"Status: success"
237,10,3,1.92,0.01,0.01465917,"Status: success"
238,10,3,2.35,0.01,0.03018965,"Status: success"
239,10,3,1.86,0.02,0.006364121,"Status: success"
240,10,3,3.12,0.04,0.01647448,"Status: success"
241,10,3,4.14,0.02,0.2544625,"Status: success"
242,10,3,2.96,0.04,0.01607756,"Status: success"
243,10,3,2.04,0.01,0.04892619,"Status: success"
244,10,3,1.98,0.02,0.003571186,"Status: success"
245,10,3,2.34,0.02,0.002244313,"Status: success"
246,10,3,3.08,0.02,0.007352358,"Status: success"
247,10,3,2.14,0.01,0.02762999,"Status: success"
248,10,3,4.39,0.08,0.02832681,"Status: success"
249,10,3,1.87,0.01,0.01639406,"Status: success"
250,10,3,3.1,0.05,0.08203476,"Status: success"
251,10,3,1.85,0.01,0.01464454,"Status: success"
252,10,3,2.33,0.09,0.01370702,"Status: success"
253,10,3,1.76,0.06,0.0116721,"Status: success"
254,10,3,4.23,0.09,0.08792824,"Status: success"
255,10,3,3.57,0.05,0.01471095,"Status: success"
256,10,3,1.97,0.03,0.01170952,"Status: success"
257,10,3,2.02,0.02,0.01327274,"Status: success"
258,10,3,2,0.05,0.03944441,"Status: success"
259,10,3,2.89,0.1,0.01335979,"Status: success"
260,10,3,1.88,0.04,0.009801245,"Status: success"
261,10,3,2.05,0.02,0.03678992,"Status: success"
262,10,3,3.36,0.11,0.004079158,"Status: success"
263,10,3,1.94,0.01,0.006200802,"Status: success"
264,10,3,2.23,0.01,0.002451113,"Status: success"
265,10,3,3.03,0.11,0.00394812,"Status: success"
266,10,3,3.74,0.15,0.008167231,"Status: success"
267,10,3,2.19,0.02,0.01616712,"Status: success"
268,10,3,2.17,0.02,0.008120705,"Status: success"
269,10,3,2.84,0.1,0.01848841,"Status: success"
270,10,3,1.81,0.01,0.003407245,"Status: success"
271,10,3,1.68,0.01,0.01447692,"Status: success"
272,10,3,2.71,0.01,0.00563826,"Status: success"
273,10,3,2.06,0.03,0.01683363,"Status: success"
274,10,3,2.57,0.02,0.03018898,"Status: success"
275,10,3,3.29,0.08,0.01125868,"Status: success"
276,10,3,2.01,0.02,0.01821033,"Status: success"
277,10,3,2.18,0.02,0.02702834,"Status: success"
278,10,3,2.72,0.01,0.03858923,"Status: success"
279,10,3,2.35,0.02,0.02479624,"Status: success"
280,10,3,2.09,0.01,0.01510273,"Status: success"
281,10,3,2.03,0.01,0.02176608,"Status: success"
282,10,3,1.63,0.01,0.01157546,"Status: success"
283,10,3,2.58,0.01,0.03079162,"Status: success"
284,10,3,1.6,0.01,0.01128984,"Status: success"
285,10,3,3.4,0.02,0.02757454,"Status: success"
286,10,3,1.94,0.02,0.003532958,"Status: success"
287,10,3,1.2,0.02,0.02029486,"Status: success"
288,10,3,2.15,0.01,0.009631765,"Status: success"
289,10,3,2.54,0.06,0.01039596,"Status: success"
290,10,3,1.77,0.01,0.01439049,"Status: success"
291,10,3,1.57,0.01,0.01290121,"Status: success"
292,10,3,1.58,0.01,0.03203611,"Status: success"
293,10,3,1.87,0.02,0.01208215,"Status: success"
294,10,3,1.92,0.01,0.004984119,"Status: success"
295,10,3,3.65,0.07,0.1165503,"Status: success"
296,10,3,2.71,0.02,0.01329995,"Status: success"
297,10,3,1.97,0.01,0.02076529,"Status: success"
298,10,3,1.6,0.02,0.008911348,"Status: success"
299,10,3,3.26,0.07,0.01249513,"Status: success"
300,10,3,3.88,0.03,0.08566745,"Status: success"
301,10,3,3.82,0.21,0.007599158,"Status: success"
302,10,3,1.96,0.01,0.01388152,"Status: success"
303,10,3,3.04,0.09,0.01415229,"Status: success"
304,10,3,2.58,0.01,0.03935087,"Status: success"
305,10,3,1.84,0.06,0.02186378,"Status: success"
306,10,3,2.18,0.01,0.02302173,"Status: success"
307,10,3,1.96,0.03,0.007151255,"Status: success"
308,10,3,2.08,0.02,0.01918931,"Status: success"
309,10,3,2.43,0.05,0.005373496,"Status: success"
310,10,3,2.77,0.1,0.02694197,"Status: success"
311,10,3,1.62,0.01,0.02951019,"Status: success"
312,10,3,2.15,0.01,0.04250714,"Status: success"
313,10,3,1.84,0.02,0.008774937,"Status: success"
314,10,3,1.85,0.01,0.007565977,"Status: success"
315,10,3,3.04,0.14,0.008183112,"Status: success"
316,10,3,3.3,0.12,0.001289394,"Status: success"
317,10,3,3.04,0.1,0.01056193,"Status: success"
318,10,3,3.01,0.07,0.006495638,"Status: success"
319,10,3,1.78,0.01,0.02829703,"Status: success"
320,10,3,2.31,0.01,0.02081254,"Status: success"
321,10,3,3.63,0.08,0.01572828,"Status: success"
322,10,3,3.18,0.07,0.06847966,"Status: success"
323,10,3,2.26,0.02,0.0534329,"Status: success"
324,10,3,3.31,0.07,0.09989601,"Status: success"
325,10,3,1.91,0.02,0.005425168,"Status: success"
326,10,3,2.01,0.01,0.06290046,"Status: success"
327,10,3,2.48,0.01,0.0219931,"Status: success"
328,10,3,2.09,0.04,0.02875381,"Status: success"
329,10,3,1.86,0.01,0.03853165,"Status: success"
330,10,3,2.18,0.02,0.009282183,"Status: success"
331,10,3,2.05,0.01,0.01785429,"Status: success"
332,10,3,2.28,0.04,0.007937221,"Status: success"
333,10,3,2.2,0.01,0.006584153,"Status: success"
334,10,3,2.52,0.03,0.03422991,"Status: success"
335,10,3,1.68,0.05,0.02884975,"Status: success"
336,10,3,1.54,0.02,0.005282952,"Status: success"
337,10,3,2.57,0.02,0.02178211,"Status: success"
338,10,3,3.3,0.05,0.06118194,"Status: success"
339,10,3,2.54,0.02,0.02836046,"Status: success"
340,10,3,3.32,0.02,0.005047047,"Status: success"
341,10,3,2.02,0.01,0.02278447,"Status: success"
342,10,3,1.88,0.06,0.04012527,"Status: success"
343,10,3,2.93,0.09,0.007296343,"Status: success"
344,10,3,1.86,0.02,0.01475213,"Status: success"
345,10,3,2.06,0.09,0.01512089,"Status: success"
346,10,3,3.3,0.22,0.04909563,"Status: success"
347,10,3,3.29,0.17,0.01155902,"Status: success"
348,10,3,1.94,0.02,0.03531644,"Status: success"
349,10,3,1.94,0.02,0.05559266,"Status: success"
350,10,3,2.36,0.01,0.01067603,"Status: success"
351,10,3,2.86,0.02,0.0183225,"Status: success"
352,10,3,2.06,0.01,0.02663851,"Status: success"
353,10,3,2.15,0.01,0.01176711,"Status: success"
354,10,3,3.52,0.06,0.2399719,"Status: success"
355,10,3,1.8,0.02,0.02007408,"Status: success"
356,10,3,2.15,0.04,0.01903001,"Status: success"
357,10,3,2.83,0.06,0.01720948,"Status: success"
358,10,3,1.89,0.01,0.01373729,"Status: success"
359,10,3,2.24,0.01,0.02105438,"Status: success"
360,10,3,4.06,0.08,0.1425274,"Status: success"
361,10,3,1.78,0.04,0.02520231,"Status: success"
362,10,3,1.84,0.02,0.05541336,"Status: success"
363,10,3,2.1,0.02,0.004189034,"Status: success"
364,10,3,2.22,0.01,0.027372,"Status: success"
365,10,3,2.3,0.01,0.03690325,"Status: success"
366,10,3,1.99,0.01,0.03780441,"Status: success"
367,10,3,3.03,0.11,0.02246659,"Status: success"
368,10,3,1.92,0.02,0.02023712,"Status: success"
369,10,3,1.93,0.02,0.01045887,"Status: success"
370,10,3,2.75,0.05,0.01747308,"Status: success"
371,10,3,2.17,0.01,0.008721919,"Status: success"
372,10,3,1.82,0.02,0.07834062,"Status: success"
373,10,3,2.06,0.02,0.01072956,"Status: success"
374,10,3,1.97,0.03,0.01264184,"Status: success"
375,10,3,1.94,0.01,0.01787045,"Status: success"
376,10,3,2.44,0.1,0.005834574,"Status: success"
377,10,3,2.63,0.09,0.01423614,"Status: success"
378,10,3,1.78,0.01,0.03665973,"Status: success"
379,10,3,2.42,0.01,0.03625075,"Status: success"
380,10,3,3.84,0.08,0.02478325,"Status: success"
381,10,3,1.78,0.01,0.01490419,"Status: success"
382,10,3,1.88,0.03,0.002019251,"Status: success"
383,10,3,2.03,0.01,0.03454757,"Status: success"
384,10,3,2.94,0.09,0.02497432,"Status: success"
385,10,3,1.93,0.01,0.01738572,"Status: success"
386,10,3,2.36,0.01,0.008322908,"Status: success"
387,10,3,4.48,0.08,0.06862174,"Status: success"
388,10,3,2.04,0.01,0.005763044,"Status: success"
389,10,3,2.43,0.02,0.02041761,"Status: success"
390,10,3,3.55,0.03,0.01248219,"Status: success"
391,10,3,2.31,0.01,0.01223372,"Status: success"
392,10,3,2.5,0.02,0.03432676,"Status: success"
393,10,3,3.37,0.12,0.03915895,"Status: success"
394,10,3,2.77,0.02,0.03880809,"Status: success"
395,10,3,1.85,0.03,0.0162488,"Status: success"
396,10,3,7.47,0.11,0.1983528,"Status: success"
397,10,3,1.9,0.01,0.01073604,"Status: success"
398,10,3,2.96,0.06,0.05566478,"Status: success"
399,10,3,1.93,0.01,0.02648867,"Status: success"
400,10,3,2,0.03,0.02838023,"Status: success"
401,10,3,2.65,0.01,0.0345028,"Status: success"
402,10,3,1.53,0.01,0.0172846,"Status: success"
403,10,3,2.51,0.02,0.01209654,"Status: success"
404,10,3,1.95,0.02,0.01349106,"Status: success"
405,10,3,2.47,0.09,0.008387486,"Status: success"
406,10,3,2.02,0.01,0.00715388,"Status: success"
407,10,3,3.35,0.02,0.001205792,"Status: success"
408,10,3,2.79,0.16,0.06386826,"Status: success"
409,10,3,1.97,0.01,0.01273873,"Status: success"
410,10,3,3.02,0.07,0.03881328,"Status: success"
411,10,3,2.86,0.12,0.03154322,"Status: success"
412,10,3,3.29,0.1,0.005929853,"Status: success"
413,10,3,3.24,0.11,0.006386485,"Status: success"
414,10,3,2.41,0.03,0.0118134,"Status: success"
415,10,3,1.94,0.05,0.04929371,"Status: success"
416,10,3,3.72,0.08,0.03859208,"Status: success"
417,10,3,3.42,0.13,0.04206117,"Status: success"
418,10,3,3.04,0.12,0.03066517,"Status: success"
419,10,3,1.8,0.01,0.01792814,"Status: success"
420,10,3,3.24,0.04,0.04843706,"Status: success"
421,10,3,1.93,0.01,0.006228983,"Status: success"
422,10,3,3.03,0.06,0.02267522,"Status: success"
423,10,3,3.39,0.14,0.03304519,"Status: success"
424,10,3,3.44,0.23,0.02150459,"Status: success"
425,10,3,2.91,0.11,0.0327197,"Status: success"
426,10,3,3.92,0.07,0.08095701,"Status: success"
427,10,3,1.78,0.06,0.02787858,"Status: success"
428,10,3,2.61,0.01,0.0552271,"Status: success"
429,10,3,2.14,0.01,0.02824501,"Status: success"
430,10,3,1.97,0.01,0.01911033,"Status: success"
431,10,3,2.83,0.03,0.1099933,"Status: success"
432,10,3,2.17,0.02,0.008327403,"Status: success"
433,10,3,2.04,0.01,0.01090339,"Status: success"
434,10,3,1.98,0.02,0.0156536,"Status: success"
435,10,3,3.8,0.06,0.001858512,"Status: success"
436,10,3,4.76,0.08,0.008309037,"Status: success"
437,10,3,1.92,0.03,0.03764445,"Status: success"
438,10,3,2.38,0.01,0.06094248,"Status: success"
439,10,3,2.34,0.01,0.01274249,"Status: success"
440,10,3,3.26,0.03,0.02983151,"Status: success"
441,10,3,2.69,0.01,0.03042868,"Status: success"
442,10,3,4.45,0.02,0.03250058,"Status: success"
443,10,3,2.57,0.01,0.03429447,"Status: success"
444,10,3,4.23,0.06,0.06824541,"Status: success"
445,10,3,1.67,0.02,0.01099323,"Status: success"
446,10,3,1.87,0.02,0.007892769,"Status: success"
447,10,3,1.97,0.02,0.02446017,"Status: success"
448,10,3,1.56,0.01,0.02649225,"Status: success"
449,10,3,3.77,0.03,0.131764,"Status: success"
450,10,3,1.87,0.01,0.05437454,"Status: success"
451,10,3,3.35,0.02,0.01852825,"Status: success"
452,10,3,3.47,0.06,0.01574068,"Status: success"
453,10,3,2.05,0.02,0.02218771,"Status: success"
454,10,3,2.36,0.02,0.01074442,"Status: success"
455,10,3,3.31,0.09,0.01645065,"Status: success"
456,10,3,1.96,0.01,0.02083758,"Status: success"
457,10,3,1.99,0.01,0.01078866,"Status: success"
458,10,3,2.69,0.11,0.1538941,"Status: success"
459,10,3,1.86,0.02,0.02456514,"Status: success"
460,10,3,1.72,0.02,0.01799946,"Status: success"
461,10,3,2.55,0.01,0.03012428,"Status: success"
462,10,3,2.31,0.02,0.01546461,"Status: success"
463,10,3,1.84,0.01,0.01727263,"Status: success"
464,10,3,2.31,0.01,0.01716694,"Status: success"
465,10,3,2.44,0.02,0.01977893,"Status: success"
466,10,3,1.63,0.02,0.02829002,"Status: success"
467,10,3,3.42,0.21,0.01250211,"Status: success"
468,10,3,3.94,0.13,0.133529,"Status: success"
469,10,3,2.7,0.21,0.03587405,"Status: success"
470,10,3,2.62,0.02,0.005777415,"Status: success"
471,10,3,2.97,0.11,0.03152536,"Status: success"
472,10,3,3.36,0.06,0.01334839,"Status: success"
473,10,3,2.44,0.02,0.01776257,"Status: success"
474,10,3,1.86,0.01,0.009519734,"Status: success"
475,10,3,2.9,0.02,0.04988995,"Status: success"
476,10,3,2.36,0.01,0.00987129,"Status: success"
477,10,3,2.88,0.12,0.02686376,"Status: success"
478,10,3,2.62,0.02,0.01919892,"Status: success"
479,10,3,1.86,0.02,0.02038874,"Status: success"
480,10,3,2.06,0.01,0.03747414,"Status: success"
481,10,3,3.3,0.12,0.02185659,"Status: success"
482,10,3,2.47,0.01,0.007471751,"Status: success"
483,10,3,2.42,0.01,0.02160551,"Status: success"
484,10,3,2.4,0.02,0.02234858,"Status: success"
485,10,3,1.97,0.01,0.0110593,"Status: success"
486,10,3,1.86,0.01,0.03748861,"Status: success"
487,10,3,1.71,0.03,0.025031,"Status: success"
488,10,3,2.55,0.02,0.006296331,"Status: success"
489,10,3,3.07,0.02,0.007130806,"Status: success"
490,10,3,2.62,0.01,0.002706572,"Status: success"
491,10,3,1.9,0.01,0.01771983,"Status: success"
492,10,3,2.25,0.01,0.01005034,"Status: success"
493,10,3,1.8,0.02,0.004503652,"Status: success"
494,10,3,2.12,0.04,0.02699274,"Status: success"
495,10,3,1.94,0.01,0.01460215,"Status: success"
496,10,3,2.08,0.01,0.003300808,"Status: success"
497,10,3,1.78,0.02,0.02909369,"Status: success"
498,10,3,1.64,0.01,0.009852581,"Status: success"
499,10,3,2.12,0.01,0.0161804,"Status: success"
500,10,3,2.42,0.03,0.02059648,"Status: success"
501,10,3,1.93,0.01,0.02349154,"Status: success"
502,10,3,1.65,0.02,0.01130474,"Status: success"
503,10,3,2.6,0.01,0.04268286,"Status: success"
504,10,3,1.85,0.02,0.003981777,"Status: success"
505,10,3,2.2,0.01,0.0123958,"Status: success"
506,10,3,2.03,0.02,0.02818796,"Status: success"
507,10,3,2.25,0.01,0.02454798,"Status: success"
508,10,3,2.85,0.03,0.06226542,"Status: success"
509,10,3,3.67,0.27,0.04043483,"Status: success"
510,10,3,1.92,0.02,0.003607255,"Status: success"
511,10,3,3.86,0.16,0.010505,"Status: success"
512,10,3,2.18,0.03,0.002267433,"Status: success"
513,10,3,3.11,0.17,0.01500988,"Status: success"
514,10,3,4.33,0.07,0.008850362,"Status: success"
515,10,3,2.72,0.01,0.02149565,"Status: success"
516,10,3,2.27,0.03,0.0295084,"Status: success"
517,10,3,2.08,0.01,0.00212503,"Status: success"
518,10,3,1.52,0.03,0.02104503,"Status: success"
519,10,3,2.07,0.02,0.02328257,"Status: success"
520,10,3,3.09,0.13,0.03111291,"Status: success"
521,10,3,3.32,0.13,0.0506771,"Status: success"
522,10,3,1.85,0.01,0.02334941,"Status: success"
523,10,3,2.3,0.02,0.02823058,"Status: success"
524,10,3,1.98,0.03,0.0382063,"Status: success"
525,10,3,3.29,0.06,0.03526242,"Status: success"
526,10,3,2.09,0.01,0.005714143,"Status: success"
527,10,3,2.91,0.16,0.0182322,"Status: success"
528,10,3,3.18,0.16,0.01335058,"Status: success"
529,10,3,1.86,0.01,0.02569869,"Status: success"
530,10,3,1.92,0.02,0.02779915,"Status: success"
531,10,3,2.93,0.15,0.01642622,"Status: success"
532,10,3,3.27,0.11,0.01405863,"Status: success"
533,10,3,2.45,0.03,0.02044471,"Status: success"
534,10,3,2,0.01,0.01625435,"Status: success"
535,10,3,3.1,0.09,0.01797905,"Status: success"
536,10,3,2.24,0.01,0.0126777,"Status: success"
537,10,3,2.05,0.02,0.04308079,"Status: success"
538,10,3,1.85,0.01,0.03912488,"Status: success"
539,10,3,2,0.01,0.03572532,"Status: success"
540,10,3,2.15,0.01,0.03861318,"Status: success"
541,10,3,3.67,0.02,0.01936324,"Status: success"
542,10,3,1.86,0.02,0.01731798,"Status: success"
543,10,3,3.42,0.07,0.00877082,"Status: success"
544,10,3,1.9,0.01,0.007038642,"Status: success"
545,10,3,3.23,0.12,0.02639801,"Status: success"
546,10,3,2.1,0.03,0.006277823,"Status: success"
547,10,3,2.01,0.01,0.07462298,"Status: success"
548,10,3,1.86,0.01,0.00762619,"Status: success"
549,10,3,2.81,0.02,0.01453106,"Status: success"
550,10,3,2.98,0.15,0.002651121,"Status: success"
551,10,3,2.02,0.02,0.004533715,"Status: success"
552,10,3,2.23,0.02,0.02205431,"Status: success"
553,10,3,2.37,0.01,0.01108666,"Status: success"
554,10,3,2.47,0.11,0.02220735,"Status: success"
555,10,3,1.61,0.02,0.01216874,"Status: success"
556,10,3,2.25,0.01,0.01765121,"Status: success"
557,10,3,2.49,0.01,0.02498844,"Status: success"
558,10,3,1.82,0.01,0.05447484,"Status: success"
559,10,3,3.58,0.03,0.06071917,"Status: success"
560,10,3,1.97,0.02,0.01856505,"Status: success"
561,10,3,3.27,0.06,0.06453644,"Status: success"
562,10,3,2.36,0.02,0.01815902,"Status: success"
563,10,3,2.89,0.06,0.011633,"Status: success"
564,10,3,1.76,0.01,0.007223956,"Status: success"
565,10,3,1.6,0.06,0.005551357,"Status: success"
566,10,3,1.96,0.01,0.0129613,"Status: success"
567,10,3,2.04,0.01,0.01401642,"Status: success"
568,10,3,2.66,0.02,0.01776341,"Status: success"
569,10,3,2.93,0.08,0.01022125,"Status: success"
570,10,3,2.1,0.01,0.0124162,"Status: success"
571,10,3,1.88,0.01,0.0120461,"Status: success"
572,10,3,2.27,0.01,0.01775964,"Status: success"
573,10,3,1.89,0.01,0.0417394,"Status: success"
574,10,3,1.71,0.01,0.01074819,"Status: success"
575,10,3,3.25,0.09,0.02852437,"Status: success"
576,10,3,1.89,0.01,0.01965283,"Status: success"
577,10,3,2.52,0.01,0.04544712,"Status: success"
578,10,3,2.39,0.02,0.02298355,"Status: success"
579,10,3,3.49,0.07,0.02554998,"Status: success"
580,10,3,2.14,0.05,0.01757012,"Status: success"
581,10,3,1.81,0.02,0.06229775,"Status: success"
582,10,3,2.16,0.01,0.03236307,"Status: success"
583,10,3,3.22,0.09,0.007471117,"Status: success"
584,10,3,2.22,0.02,0.0006675768,"Status: success"
585,10,3,1.77,0.01,0.0306137,"Status: success"
586,10,3,1.68,0.03,0.00440928,"Status: success"
587,10,3,1.82,0.06,0.01786304,"Status: success"
588,10,3,2.24,0.08,0.01669503,"Status: success"
589,10,3,3.01,0.07,0.01792553,"Status: success"
590,10,3,2.16,0.04,0.009678231,"Status: success"
591,10,3,1.96,0.01,0.003147952,"Status: success"
592,10,3,2.55,0.01,0.01629013,"Status: success"
593,10,3,2.24,0.01,0.03989972,"Status: success"
594,10,3,1.8,0.01,0.0212527,"Status: success"
595,10,3,2.17,0.01,0.009735166,"Status: success"
596,10,3,2.14,0.01,0.03286352,"Status: success"
597,10,3,2.05,0.04,0.007992745,"Status: success"
598,10,3,1.73,0.02,0.005489533,"Status: success"
599,10,3,3.18,0.11,0.01396551,"Status: success"
600,10,3,1.52,0.01,0.02165821,"Status: success"
601,10,3,2.88,0.02,0.02339723,"Status: success"
602,10,3,2.29,0.01,0.0409083,"Status: success"
603,10,3,2.45,0.01,0.01827753,"Status: success"
604,10,3,2.26,0.02,0.004307809,"Status: success"
605,10,3,3.27,0.12,0.01823659,"Status: success"
606,10,3,3.61,0.02,0.03212606,"Status: success"
607,10,3,1.68,0.01,0.01059231,"Status: success"
608,10,3,3.53,0.08,0.01282993,"Status: success"
609,10,3,1.91,0.02,0.01124236,"Status: success"
610,10,3,1.51,0.02,0.008633315,"Status: success"
611,10,3,2.49,0.02,0.01977654,"Status: success"
612,10,3,2.5,0.01,0.02665143,"Status: success"
613,10,3,2.08,0.01,0.004410889,"Status: success"
614,10,3,2.05,0.01,0.02608227,"Status: success"
615,10,3,3.15,0.08,0.007162093,"Status: success"
616,10,3,1.89,0.03,0.01327127,"Status: success"
617,10,3,3.2,0.18,0.02896639,"Status: success"
618,10,3,2.78,0.26,0.001302541,"Status: success"
619,10,3,2.07,0.04,0.008604334,"Status: success"
620,10,3,3.63,0.05,0.01376207,"Status: success"
621,10,3,1.98,0.01,0.02166025,"Status: success"
622,10,3,2.16,0.03,0.02687227,"Status: success"
623,10,3,1.91,0.01,0.01192548,"Status: success"
624,10,3,2.22,0.03,0.007982116,"Status: success"
625,10,3,1.75,0.02,0.004420778,"Status: success"
626,10,3,2.27,0.01,0.01046142,"Status: success"
627,10,3,3.22,0.12,0.00113501,"Status: success"
628,10,3,2.52,51.99,0.007701893,"Status: success"
629,10,3,2.25,0.01,0.009630294,"Status: success"
630,10,3,3.97,0.07,0.03039318,"Status: success"
631,10,3,2.16,0.01,0.03152049,"Status: success"
632,10,3,3.51,0.14,0.07986311,"Status: success"
633,10,3,2.64,0.08,0.006908739,"Status: success"
634,10,3,3.65,0.12,0.08069163,"Status: success"
635,10,3,3.41,0.1,0.03575572,"Status: success"
636,10,3,1.91,0.01,0.01753671,"Status: success"
637,10,3,2.56,0.03,0.01032144,"Status: success"
638,10,3,2.18,0.02,0.009045663,"Status: success"
639,10,3,1.91,0.01,0.04376537,"Status: success"
640,10,3,1.91,0.01,0.03124899,"Status: success"
641,10,3,3.92,0.12,0.1467962,"Status: success"
642,10,3,3.3,0.02,0.01865004,"Status: success"
643,10,3,2.96,0.03,0.01666429,"Status: success"
644,10,3,2.41,0.01,0.09926758,"Status: success"
645,10,3,4.94,0.01,0.2592652,"Status: success"
646,10,3,3.19,0.09,0.03159953,"Status: success"
647,10,3,1.87,0.01,0.02052523,"Status: success"
648,10,3,2.66,0.01,0.03075965,"Status: success"
649,10,3,4.19,0.04,0.04955588,"Status: success"
650,10,3,3.15,0.03,0.008179393,"Status: success"
651,10,3,2.08,0.01,0.01866275,"Status: success"
652,10,3,3.02,0.02,0.04526697,"Status: success"
653,10,3,3.14,0.02,0.01526335,"Status: success"
654,10,3,1.98,0.01,0.008231237,"Status: success"
655,10,3,1.94,0.01,0.01865394,"Status: success"
656,10,3,2.39,0.01,0.03312654,"Status: success"
657,10,3,1.98,0.01,0.01072291,"Status: success"
658,10,3,1.78,0.01,0.01804986,"Status: success"
659,10,3,2.05,0.02,0.001464943,"Status: success"
660,10,3,3.58,0.04,0.06644175,"Status: success"
661,10,3,2.48,0.01,0.009546557,"Status: success"
662,10,3,2.59,0.02,0.016394,"Status: success"
663,10,3,2.52,0.01,0.009637756,"Status: success"
664,10,3,2.59,0.23,0.02782615,"Status: success"
665,10,3,2.6,0.02,0.05082545,"Status: success"
666,10,3,2.09,0.01,0.00700808,"Status: success"
667,10,3,1.93,0.02,0.005712034,"Status: success"
668,10,3,2.56,0.02,0.01076313,"Status: success"
669,10,3,3.39,0.03,0.05708775,"Status: success"
670,10,3,2.04,0.02,0.01339108,"Status: success"
671,10,3,4.5,0.02,0.144965,"Status: success"
672,10,3,2.1,0.04,0.04084365,"Status: success"
673,10,3,3.23,0.07,0.0570542,"Status: success"
674,10,3,1.97,0.01,0.003849105,"Status: success"
675,10,3,2.95,0.11,0.005566787,"Status: success"
676,10,3,2.54,0.1,0.01439386,"Status: success"
677,10,3,1.84,0.02,0.005226149,"Status: success"
678,10,3,2.25,0.04,0.06190616,"Status: success"
679,10,3,1.98,0.02,0.02192063,"Status: success"
680,10,3,2.18,0.03,0.02301745,"Status: success"
681,10,3,2.4,0.01,0.01205972,"Status: success"
682,10,3,1.96,0.01,0.01014318,"Status: success"
683,10,3,1.93,0.01,0.02922701,"Status: success"
684,10,3,3.04,0.13,0.002473211,"Status: success"
685,10,3,4.42,0.14,0.4066106,"Status: success"
686,10,3,2.13,0.01,0.01603403,"Status: success"
687,10,3,2.03,0.01,0.00642301,"Status: success"
688,10,3,2.11,0.01,0.02236683,"Status: success"
689,10,3,2.56,0.06,0.01606761,"Status: success"
690,10,3,2.2,0.03,0.02934389,"Status: success"
691,10,3,2.19,0.02,0.01681898,"Status: success"
692,10,3,2.19,0.02,0.02755067,"Status: success"
693,10,3,1.79,0.01,0.01229703,"Status: success"
694,10,3,3.39,0.02,0.001028063,"Status: success"
695,10,3,3.01,0.03,0.01177739,"Status: success"
696,10,3,1.96,0.01,0.03877797,"Status: success"
697,10,3,3.79,0.02,0.0270409,"Status: success"
698,10,3,3.11,0.2,0.002700432,"Status: success"
699,10,3,3.31,0.11,0.006745052,"Status: success"
700,10,3,4.02,0.14,0.1252271,"Status: success"
701,10,3,2.13,0.01,0.02678176,"Status: success"
702,10,3,2.03,0.01,0.02192294,"Status: success"
703,10,3,2.09,0.01,0.01025186,"Status: success"
704,10,3,3.2,0.02,0.0163122,"Status: success"
705,10,3,1.62,0.01,0.01520616,"Status: success"
706,10,3,2.13,0.05,0.02252597,"Status: success"
707,10,3,1.98,0.01,0.03114222,"Status: success"
708,10,3,1.85,0.01,0.02234984,"Status: success"
709,10,3,2.57,0.01,0.02043067,"Status: success"
710,10,3,1.97,0.02,0.03210788,"Status: success"
711,10,3,3.59,0.05,0.1267959,"Status: success"
712,10,3,1.9,0.01,0.01724833,"Status: success"
713,10,3,2.73,0.03,0.09092774,"Status: success"
714,10,3,1.61,0.02,0.005855218,"Status: success"
715,10,3,1.96,0.02,0.02494283,"Status: success"
716,10,3,1.88,0.01,0.03600123,"Status: success"
717,10,3,1.72,0.02,0.0560783,"Status: success"
718,10,3,1.92,0.02,0.02443367,"Status: success"
719,10,3,3.75,0.08,0.01585392,"Status: success"
720,10,3,3.4,0.07,0.00709082,"Status: success"
721,10,3,1.62,0.01,0.017486,"Status: success"
722,10,3,2.04,0.02,0.004165113,"Status: success"
723,10,3,3.12,0.12,0.008585916,"Status: success"
724,10,3,3.77,0.07,0.02330025,"Status: success"
725,10,3,2.44,0.01,0.01093926,"Status: success"
726,10,3,2.46,0.01,0.02270231,"Status: success"
727,10,3,1.91,0.02,0.01674418,"Status: success"
728,10,3,2.56,0.19,0.02029608,"Status: success"
729,10,3,1.97,0.04,0.007486448,"Status: success"
730,10,3,2.68,0.1,0.01905609,"Status: success"
731,10,3,1.92,0.01,0.0172568,"Status: success"
732,10,3,1.95,0.03,0.0165435,"Status: success"
733,10,3,2.54,0.18,0.005828193,"Status: success"
734,10,3,2.34,0.01,0.01234078,"Status: success"
735,10,3,2.1,0.01,0.02249039,"Status: success"
736,10,3,3.09,0.38,0.00653825,"Status: success"
737,10,3,1.92,0.01,0.000952068,"Status: success"
738,10,3,2.37,0.01,0.0302532,"Status: success"
739,10,3,1.97,0.02,0.08489356,"Status: success"
740,10,3,1.99,0.02,0.009032767,"Status: success"
741,10,3,2.51,0.03,0.06023326,"Status: success"
742,10,3,2.79,0.07,0.004993124,"Status: success"
743,10,3,2.08,0.02,0.01016294,"Status: success"
744,10,3,1.79,0.01,0.02860735,"Status: success"
745,10,3,1.91,0.01,0.003205916,"Status: success"
746,10,3,2.13,0.01,0.01326662,"Status: success"
747,10,3,1.64,0.01,0.01125208,"Status: success"
748,10,3,3.15,0.21,0.06496466,"Status: success"
749,10,3,1.47,0.02,0.02893769,"Status: success"
750,10,3,2.86,0.06,0.03156898,"Status: success"
751,10,3,1.91,0.02,0.003242237,"Status: success"
752,10,3,1.89,0.01,0.02244916,"Status: success"
753,10,3,2.78,0.04,0.01196332,"Status: success"
754,10,3,1.92,0.03,0.007312906,"Status: success"
755,10,3,3.3,0.04,0.03034302,"Status: success"
756,10,3,1.82,0.01,0.0212774,"Status: success"
757,10,3,3.6,0.03,0.2298528,"Status: success"
758,10,3,2.47,0.01,0.01325005,"Status: success"
759,10,3,1.57,0.02,0.01310649,"Status: success"
760,10,3,2.01,0.01,0.008651351,"Status: success"
761,10,3,2.04,0.01,0.005352049,"Status: success"
762,10,3,2.07,0.01,0.04071609,"Status: success"
763,10,3,1.57,0.01,0.02630869,"Status: success"
764,10,3,1.86,0.01,0.01171625,"Status: success"
765,10,3,1.89,0.02,0.01056535,"Status: success"
766,10,3,2.62,0.09,0.009090492,"Status: success"
767,10,3,2.29,0.03,0.01352717,"Status: success"
768,10,3,3.21,0.11,0.04598234,"Status: success"
769,10,3,1.85,0.02,0.002646106,"Status: success"
770,10,3,3.84,0.05,0.0874895,"Status: success"
771,10,3,1.99,0.02,0.002784088,"Status: success"
772,10,3,2.92,0.16,0.01905491,"Status: success"
773,10,3,3.32,0.11,0.01729161,"Status: success"
774,10,3,1.86,0.01,0.009064962,"Status: success"
775,10,3,1.94,0.02,0.04151225,"Status: success"
776,10,3,1.99,0.01,0.01169272,"Status: success"
777,10,3,3.83,0.09,0.04221468,"Status: success"
778,10,3,3.11,0.09,0.0007233869,"Status: success"
779,10,3,3.28,0.12,0.03234234,"Status: success"
780,10,3,2.32,0.03,0.008532439,"Status: success"
781,10,3,1.93,0.01,0.01557002,"Status: success"
782,10,3,2.58,0.01,0.00301673,"Status: success"
783,10,3,2.6,0.13,0.03670404,"Status: success"
784,10,3,3.44,0.08,0.01184468,"Status: success"
785,10,3,2.06,0.03,0.006399426,"Status: success"
786,10,3,2.19,0.01,0.01527194,"Status: success"
787,10,3,1.83,0.01,0.008285389,"Status: success"
788,10,3,2.13,0.04,0.04702503,"Status: success"
789,10,3,2.01,0.03,0.02017557,"Status: success"
790,10,3,2.27,0.04,0.02638797,"Status: success"
791,10,3,3.46,0.14,0.01594896,"Status: success"
792,10,3,2.1,0.02,0.01653477,"Status: success"
793,10,3,1.98,0.03,0.02186105,"Status: success"
794,10,3,2.57,0.01,0.01815788,"Status: success"
795,10,3,2.2,0.01,0.02081927,"Status: success"
796,10,3,1.79,0.02,0.01381876,"Status: success"
797,10,3,2.19,0.01,0.02212485,"Status: success"
798,10,3,1.99,0.01,0.003948735,"Status: success"
799,10,3,2.39,0.01,0.001093247,"Status: success"
800,10,3,2.05,0.01,0.005735522,"Status: success"
801,10,3,1.68,0.01,0.03589801,"Status: success"
802,10,3,2.26,0.01,0.02009872,"Status: success"
803,10,3,4.12,0.02,0.005274238,"Status: success"
804,10,3,1.78,0.01,0.02724358,"Status: success"
805,10,3,2.43,0.01,0.02002522,"Status: success"
806,10,3,1.7,0.01,0.01720164,"Status: success"
807,10,3,2.33,0.04,0.01414848,"Status: success"
808,10,3,2.31,0.01,0.01980626,"Status: success"
809,10,3,3.09,0.23,0.04657495,"Status: success"
810,10,3,6.57,0.05,0.3201213,"Status: success"
811,10,3,1.9,0.01,0.008434109,"Status: success"
812,10,3,1.96,0.01,0.01028906,"Status: success"
813,10,3,2.25,0.01,0.04835801,"Status: success"
814,10,3,1.95,0.01,0.01357492,"Status: success"
815,10,3,2.07,0.01,0.05807189,"Status: success"
816,10,3,2.78,0.02,0.008840415,"Status: success"
817,10,3,2,0.01,0.01270805,"Status: success"
818,10,3,1.9,0.01,0.02137439,"Status: success"
819,10,3,3.35,0.03,0.02826119,"Status: success"
820,10,3,2.37,0.05,0.02110141,"Status: success"
821,10,3,2.3,0.02,0.03498098,"Status: success"
822,10,3,2.7,0.14,0.01025486,"Status: success"
823,10,3,1.81,0.01,0.009985872,"Status: success"
824,10,3,1.84,0.01,0.08673112,"Status: success"
825,10,3,2.06,0.01,0.02289307,"Status: success"
826,10,3,1.94,0.01,0.01051507,"Status: success"
827,10,3,4.03,0.02,0.1613269,"Status: success"
828,10,3,1.81,0.01,0.01585669,"Status: success"
829,10,3,3.02,0.02,0.04585184,"Status: success"
830,10,3,1.92,0.01,0.009887268,"Status: success"
831,10,3,2.07,0.01,0.05323588,"Status: success"
832,10,3,2.35,0.01,0.005470781,"Status: success"
833,10,3,3.52,0.01,0.2288198,"Status: success"
834,10,3,2.33,0.01,0.002635824,"Status: success"
835,10,3,2.03,0.05,0.003596154,"Status: success"
836,10,3,4.04,0.02,0.01461819,"Status: success"
837,10,3,2.64,0.04,0.01199293,"Status: success"
838,10,3,1.95,0.02,0.02316843,"Status: success"
839,10,3,2.7,0.18,0.008837549,"Status: success"
840,10,3,1.6,0.01,0.006758289,"Status: success"
841,10,3,2.12,0.01,0.004914131,"Status: success"
842,10,3,2.01,0.01,0.01681759,"Status: success"
843,10,3,2.28,0.02,0.02684597,"Status: success"
844,10,3,2.66,0.25,0.006087308,"Status: success"
845,10,3,3.21,0.03,0.01554787,"Status: success"
846,10,3,1.82,0.03,0.010374,"Status: success"
847,10,3,3.76,0.05,0.02450754,"Status: success"
848,10,3,1.86,0.05,0.00202465,"Status: success"
849,10,3,1.89,0.01,0.004884456,"Status: success"
850,10,3,2.07,0.02,0.03089223,"Status: success"
851,10,3,3.19,0.08,0.006838736,"Status: success"
852,10,3,2.36,0.01,0.0084673,"Status: success"
853,10,3,1.76,0.02,0.02360488,"Status: success"
854,10,3,2.08,0.01,0.03134641,"Status: success"
855,10,3,2.43,0.01,0.009882455,"Status: success"
856,10,3,1.68,0.01,0.004130691,"Status: success"
857,10,3,2.06,0.04,0.05132275,"Status: success"
858,10,3,1.83,0.01,0.01666031,"Status: success"
859,10,3,3.2,0.15,0.01856376,"Status: success"
860,10,3,2.63,0.01,0.02801837,"Status: success"
861,10,3,3.35,0.19,0.0265578,"Status: success"
862,10,3,2.52,0.02,0.02197554,"Status: success"
863,10,3,2,0.01,0.002111922,"Status: success"
864,10,3,2.33,0.01,0.03294179,"Status: success"
865,10,3,2.27,0.01,0.001292274,"Status: success"
866,10,3,1.82,0.01,0.02651543,"Status: success"
867,10,3,1.91,0.01,0.02631411,"Status: success"
868,10,3,1.9,0.02,0.01961246,"Status: success"
869,10,3,3.5,0.1,0.02699018,"Status: success"
870,10,3,1.84,0.02,0.007350554,"Status: success"
871,10,3,1.9,0.01,0.01362481,"Status: success"
872,10,3,3.83,0.02,0.03069514,"Status: success"
873,10,3,2.28,0.05,0.01081375,"Status: success"
874,10,3,3.18,0.08,0.03448577,"Status: success"
875,10,3,2.68,0.01,0.02933455,"Status: success"
876,10,3,2.31,0.01,0.01263238,"Status: success"
877,10,3,3.65,0.1,0.1942684,"Status: success"
878,10,3,3.76,0.01,0.01924738,"Status: success"
879,10,3,2.03,0.02,0.006562126,"Status: success"
880,10,3,2.04,0.01,0.02008436,"Status: success"
881,10,3,1.89,0.01,0.0217002,"Status: success"
882,10,3,2.09,0.01,0.03243835,"Status: success"
883,10,3,2.75,0.03,0.1057305,"Status: success"
884,10,3,2.82,0.02,0.04855624,"Status: success"
885,10,3,1.8,0.01,0.01707203,"Status: success"
886,10,3,2.49,0.01,0.04933253,"Status: success"
887,10,3,1.75,0.01,0.008406924,"Status: success"
888,10,3,2.08,0.01,0.01987421,"Status: success"
889,10,3,3.73,0.02,0.06230826,"Status: success"
890,10,3,1.94,0.01,0.05205341,"Status: success"
891,10,3,1.72,0.01,0.01092113,"Status: success"
892,10,3,3.1,0.04,0.004195923,"Status: success"
893,10,3,3.38,0.14,0.02658824,"Status: success"
894,10,3,3.18,0.09,0.02758444,"Status: success"
895,10,3,1.97,0.04,0.001377278,"Status: success"
896,10,3,2.37,0.02,0.02442959,"Status: success"
897,10,3,1.95,0.01,0.009336046,"Status: success"
898,10,3,1.96,0.02,0.007922944,"Status: success"
899,10,3,2.43,0.01,0.007339304,"Status: success"
900,10,3,2.2,0.02,0.02118478,"Status: success"
901,10,3,1.92,0.01,0.01577961,"Status: success"
902,10,3,2.34,0.02,0.03391914,"Status: success"
903,10,3,2.36,0.02,0.02300954,"Status: success"
904,10,3,1.85,0.03,0.09782454,"Status: success"
905,10,3,2.13,0.02,0.002310929,"Status: success"
906,10,3,2.48,0.03,0.06062948,"Status: success"
907,10,3,1.59,0.04,0.02652224,"Status: success"
908,10,3,1.97,0.01,0.02100733,"Status: success"
909,10,3,2.61,0.04,0.01328439,"Status: success"
910,10,3,2,0.01,0.01121219,"Status: success"
911,10,3,1.97,0.02,0.01069416,"Status: success"
912,10,3,4.6,0.08,0.1605308,"Status: success"
913,10,3,2.01,0.01,0.004193055,"Status: success"
914,10,3,2.44,0.27,0.02106203,"Status: success"
915,10,3,1.86,0.02,0.007603055,"Status: success"
916,10,3,2.17,0.03,0.08744914,"Status: success"
917,10,3,2.33,0.02,0.04889067,"Status: success"
918,10,3,3.55,0.08,0.02816689,"Status: success"
919,10,3,1.74,0.02,0.004693508,"Status: success"
920,10,3,3.66,0.08,0.01677614,"Status: success"
921,10,3,4.01,0.02,0.04917689,"Status: success"
922,10,3,2.15,0.01,0.02531704,"Status: success"
923,10,3,2.19,0.01,0.02020766,"Status: success"
924,10,3,2.5,0.01,0.01738546,"Status: success"
925,10,3,1.86,0.01,0.01808681,"Status: success"
926,10,3,2.72,0.02,0.08892557,"Status: success"
927,10,3,2.37,0.01,0.02605116,"Status: success"
928,10,3,2.01,0.02,0.003061734,"Status: success"
929,10,3,2.59,0.02,0.01627853,"Status: success"
930,10,3,1.6,0.01,0.02156844,"Status: success"
931,10,3,2.47,0.01,0.02659742,"Status: success"
932,10,3,1.68,0.01,0.01522905,"Status: success"
933,10,3,2.08,0.01,0.0102731,"Status: success"
934,10,3,2.53,0.01,0.01309452,"Status: success"
935,10,3,2.21,0.01,0.0393783,"Status: success"
936,10,3,1.9,0.01,0.006707998,"Status: success"
937,10,3,1.89,0.04,0.01589298,"Status: success"
938,10,3,2.34,0.01,0.007091516,"Status: success"
939,10,3,1.8,0.02,0.008192238,"Status: success"
940,10,3,1.87,0.02,0.03264015,"Status: success"
941,10,3,2.24,0.02,0.02437562,"Status: success"
942,10,3,1.9,0.01,0.0176478,"Status: success"
943,10,3,2.05,0.01,0.002445515,"Status: success"
944,10,3,2.29,0.01,0.02294746,"Status: success"
945,10,3,2.11,0.02,0.01572358,"Status: success"
946,10,3,1.8,0.01,0.01482097,"Status: success"
947,10,3,1.96,0.02,0.02945128,"Status: success"
948,10,3,2.75,0.24,0.01187112,"Status: success"
949,10,3,2.67,0.01,0.01111517,"Status: success"
950,10,3,1.67,0.03,0.03755933,"Status: success"
951,10,3,1.87,0.03,0.05387306,"Status: success"
952,10,3,2.67,0.02,0.007835859,"Status: success"
953,10,3,1.87,0.03,0.00565598,"Status: success"
954,10,3,2.37,0.06,0.01524055,"Status: success"
955,10,3,3.35,0.09,0.004288727,"Status: success"
956,10,3,2.89,0.02,0.01452565,"Status: success"
957,10,3,2.03,0.03,0.01561204,"Status: success"
958,10,3,1.82,0.02,0.01494043,"Status: success"
959,10,3,3.04,0.12,0.01471729,"Status: success"
960,10,3,2.43,0.01,0.01747697,"Status: success"
961,10,3,2.31,0.01,0.001032588,"Status: success"
962,10,3,1.63,0.01,0.003364885,"Status: success"
963,10,3,3.36,0.21,0.0446512,"Status: success"
964,10,3,2.5,0.02,0.03143064,"Status: success"
965,10,3,1.99,0.1,0.01077923,"Status: success"
966,10,3,1.88,0.02,0.005711691,"Status: success"
967,10,3,2.7,0.01,0.07060367,"Status: success"
968,10,3,1.97,0.02,0.003205707,"Status: success"
969,10,3,2.38,0.01,0.00716526,"Status: success"
970,10,3,2.13,0.03,0.02333709,"Status: success"
971,10,3,2.21,0.08,0.01834644,"Status: success"
972,10,3,2.03,0.01,0.01407587,"Status: success"
973,10,3,3.28,0.03,0.0189024,"Status: success"
974,10,3,1.77,0.02,0.005629392,"Status: success"
975,10,3,1.98,0.01,0.01992259,"Status: success"
976,10,3,3.47,0.09,0.01331243,"Status: success"
977,10,3,3.92,0.15,0.1281299,"Status: success"
978,10,3,3.45,0.07,0.04535838,"Status: success"
979,10,3,1.92,0.02,0.006839393,"Status: success"
980,10,3,1.97,0.01,0.01666098,"Status: success"
981,10,3,2.13,0.01,0.06762612,"Status: success"
982,10,3,3.71,0.04,0.01583045,"Status: success"
983,10,3,2.25,0.01,0.02151884,"Status: success"
984,10,3,2.11,0.03,0.01051353,"Status: success"
985,10,3,4.08,0.11,0.005390154,"Status: success"
986,10,3,2.28,0.01,0.01708953,"Status: success"
987,10,3,1.79,0.03,0.02335188,"Status: success"
988,10,3,2.08,0.01,0.03173905,"Status: success"
989,10,3,2.71,0.01,0.03823237,"Status: success"
990,10,3,3.3,0.08,0.01051306,"Status: success"
991,10,3,2.88,0.08,0.03258615,"Status: success"
992,10,3,3.32,0.06,0.01425155,"Status: success"
993,10,3,1.99,0.01,0.02774064,"Status: success"
994,10,3,2.31,0.09,0.009252771,"Status: success"
995,10,3,2.53,0.01,0.009227052,"Status: success"
996,10,3,3.87,0.04,0.01442049,"Status: success"
997,10,3,2.12,0.03,0.00211956,"Status: success"
998,10,3,3.37,0.07,0.08708722,"Status: success"
999,10,3,2.27,0.02,0.04895962,"Status: success"
1000,10,3,2.75,0.15,0.007218565,"Status: success"
